"pitches","player_id","player_name","total_pitches","pitch_percent","ba","iso","babip","slg","woba","xwoba","xba","hits","abs","launch_speed","launch_angle","spin_rate","velocity","effective_speed","whiffs","swings","takes","eff_min_vel","release_extension","pos3_int_start_distance","pos4_int_start_distance","pos5_int_start_distance","pos6_int_start_distance","pos7_int_start_distance","pos8_int_start_distance","pos9_int_start_distance","pitcher_run_exp","run_exp"
52,621566,"Olson, Matt",2914,1.8,1,3,,4,2.002,1.537,0.783,52,52,106.7,30.8,2213,89,89.42,0,52,0,0.4000000000000057,6.49,118,146,128,152,303,329,304,"-72.7","72.7"
45,624413,"Alonso, Pete",2401,1.9,1,3,,4,2.002,1.688,0.886,45,45,108.8,26.9,2230,90.4,90.67,0,45,0,0.29999999999999716,6.4,104,152,122,147,304,326,297,"-67.7","67.7"
45,656941,"Schwarber, Kyle",2918,1.5,1,3,,4,2.002,1.593,0.833,45,45,106.7,27.3,2234,88.7,88.73,0,45,0,0,6.29,122,147,122,152,297,327,301,"-63.3","63.3"
44,660271,"Ohtani, Shohei",2303,1.9,1,3,,4,2.002,1.799,0.918,44,44,109.1,27.9,2285,88.7,89.23,0,44,0,0.5,6.64,114,146,129,151,304,330,307,"-59.3","59.3"
39,660670,"Acuña Jr., Ronald",2631,1.5,1,3,,4,2.002,1.709,0.888,39,39,109.1,26.1,2285,88.6,89.02,0,39,0,0.4000000000000057,6.45,109,152,123,147,312,332,299,"-52.1","52.1"
39,605141,"Betts, Mookie",2537,1.5,1,3,,4,2.002,1.408,0.742,39,39,103.9,28.5,2238,89.2,89.36,0,39,0,0.20000000000000284,6.36,114,152,122,147,304,322,297,"-48.1","48.1"
37,673357,"Robert Jr., Luis",2155,1.7,1,3,,4,2.002,1.632,0.855,37,37,105.8,26.4,2331,88.1,88.41,0,37,0,0.30000000000001137,6.44,109,152,120,147,302,326,297,"-47.6","47.6"
36,624585,"Soler, Jorge",2191,1.6,1,3,,4,2.002,1.565,0.815,36,36,106.3,28.1,2240,89.7,89.78,0,36,0,0.09999999999999432,6.34,108,151,123,145,308,326,298,"-46.8","46.8"
36,663586,"Riley, Austin",2676,1.3,1,3,,4,2.002,1.532,0.791,36,36,105.9,27.7,2247,87.6,88.05,0,36,0,0.4000000000000057,6.44,108,149,122,146,310,328,301,"-49.7","49.7"
36,571970,"Muncy, Max",2303,1.6,1,3,,4,2.002,1.54,0.779,36,36,105.6,30.9,2194,90,90.38,0,36,0,0.4000000000000057,6.46,113,144,128,152,296,323,302,"-50.5","50.5"
35,542303,"Ozuna, Marcell",2200,1.6,1,3,,4,2.002,1.561,0.79,35,35,106.4,30.2,2281,89,89.42,0,35,0,0.4000000000000057,6.45,110,153,124,148,309,330,298,"-44.6","44.6"
35,666969,"García, Adolis",2396,1.5,1,3,,4,2.002,1.564,0.819,35,35,105.3,28.1,2276,88.9,88.82,0,35,0,-0.10000000000000853,6.34,110,152,121,148,310,333,298,"-53.5","53.5"
33,646240,"Devers, Rafael",2447,1.3,1,3,,4,2.002,1.584,0.811,33,33,106,29.4,2320,88.4,88.62,0,33,0,0.19999999999998863,6.4,115,145,123,151,287,330,305,"-45.5","45.5"
33,669394,"Burger, Jake",1941,1.7,1,3,,4,2.002,1.43,0.771,33,33,106,26.8,2292,88.7,89.2,0,33,0,0.5,6.53,107,151,121,145,306,323,290,"-46.9","46.9"
32,665742,"Soto, Juan",2756,1.2,1,3,,4,2.002,1.683,0.873,32,32,107.2,27.2,2266,92,92.13,0,32,0,0.09999999999999432,6.37,116,145,126,151,295,328,307,"-44.5","44.5"
32,592450,"Judge, Aaron",1763,1.8,1,3,,4,2.002,1.655,0.844,32,32,108.9,29.6,2209,90.3,90.69,0,32,0,0.4000000000000057,6.54,108,152,125,146,308,333,295,"-41.5","41.5"
31,608369,"Seager, Corey",1699,1.8,1,3,,4,2.002,1.523,0.792,31,31,105.3,28.5,2209,89.4,89.15,0,31,0,-0.20000000000000284,6.17,121,146,127,152,303,333,303,"-39","39"
31,677594,"Rodríguez, Julio",2353,1.3,1,3,,4,2.002,1.428,0.758,31,31,105.1,28.7,2276,87.8,88.08,0,31,0,0.29999999999999716,6.35,108,151,121,147,303,325,292,"-41.9","41.9"
31,645277,"Albies, Ozzie",2369,1.3,1,3,,4,2.002,1.034,0.539,31,31,101.3,31.8,2229,90.4,90.8,0,31,0,0.3999999999999915,6.42,115,145,116,150,299,326,298,"-43.9","43.9"
30,572233,"Walker, Christian",2529,1.2,1,3,,4,2.002,1.324,0.703,30,30,104.4,29.6,2267,87.9,87.95,0,30,0,0,6.28,111,152,122,147,306,329,301,"-42.1","42.1"
29,663728,"Raleigh, Cal",2187,1.3,1,3,,4,2.002,1.511,0.782,29,29,105.5,28.8,2197,89.8,90.16,0,29,0,0.4000000000000057,6.41,113,146,128,151,293,325,293,"-38.8","38.8"
29,679529,"Torkelson, Spencer",2607,1.1,1,3,,4,2.002,1.425,0.75,29,29,103.9,28.9,2322,88.7,89.16,0,29,0,0.5,6.5,107,150,122,145,301,327,293,"-38.8","38.8"
29,670623,"Paredes, Isaac",2192,1.3,1,3,,4,2.002,0.858,0.478,29,29,100.2,30.7,2237,90.4,90.59,0,29,0,0.19999999999998863,6.47,113,151,123,146,300,327,295,"-39.3","39.3"
29,502110,"Martinez, J.D.",1727,1.7,1,3,,4,2.002,1.433,0.736,29,29,104.3,30.4,2276,89.5,89.89,0,29,0,0.4000000000000057,6.41,110,152,124,147,307,323,296,"-44.9","44.9"
29,677951,"Witt Jr., Bobby",2531,1.1,1,3,,4,2.002,1.578,0.829,29,29,105.2,26.8,2201,87.5,87.94,0,29,0,0.4000000000000057,6.46,110,150,118,145,308,329,297,"-37.6","37.6"
28,663656,"Tucker, Kyle",2415,1.2,1,3,,4,2.002,1.455,0.751,28,28,104,29,2229,88.3,88.58,0,28,0,0.29999999999999716,6.5,114,144,128,152,295,328,302,"-39.7","39.7"
28,670541,"Alvarez, Yordan",1771,1.6,1,3,,4,2.002,1.543,0.81,28,28,107.5,27.9,2253,87,86.99,0,28,0,0,6.25,117,142,125,149,298,334,304,"-42.3","42.3"
28,592518,"Machado, Manny",2204,1.3,1,3,,4,2.002,1.277,0.713,28,28,104.8,27.2,2329,88.1,88.22,0,28,0,0.10000000000000853,6.34,111,151,124,148,300,325,298,"-37.3","37.3"
27,667670,"Rooker, Brent",1968,1.4,1,3,,4,2.002,1.486,0.773,27,27,104.8,29.7,2264,89.6,89.91,0,27,0,0.30000000000001137,6.39,107,151,120,145,304,325,293,"-36.8","36.8"
27,592206,"Castellanos, Nick",2313,1.2,1,3,,4,2.002,1.209,0.625,27,27,103.1,31.6,2290,87.2,87.51,0,27,0,0.29999999999999716,6.46,104,149,122,145,305,328,293,"-40.4","40.4"
27,683002,"Henderson, Gunnar",2241,1.2,1,3,,4,2.002,1.435,0.752,27,27,104.8,28.7,2247,86.4,86.7,0,27,0,0.29999999999999716,6.44,117,148,118,152,297,328,299,"-40.3","40.3"
27,623993,"Santander, Anthony",2577,1,1,3,,4,2.002,1.348,0.717,27,27,103,28,2218,90,90.55,0,27,0,0.5,6.59,114,147,129,151,300,329,298,"-39.3","39.3"
27,669357,"Gorman, Nolan",1888,1.4,1,3,,4,2.002,1.66,0.851,27,27,105.7,29.2,2206,89.3,89.46,0,27,0,0.20000000000000284,6.27,110,145,118,150,296,326,306,"-42.4","42.4"
26,596019,"Lindor, Francisco",2590,1,1,3,,4,2.002,1.374,0.737,26,26,103.5,27.5,2175,89.1,89.3,0,26,0,0.20000000000000284,6.37,112,149,120,149,298,324,298,"-36.3","36.3"
26,607208,"Turner, Trea",2544,1,1,3,,4,2.002,1.24,0.662,26,26,102.9,29.3,2242,89.3,89.17,0,26,0,-0.09999999999999432,6.28,107,150,118,146,298,324,290,"-34.4","34.4"
26,657041,"Thomas, Lane",2459,1.1,1,3,,4,2.002,1.421,0.764,26,26,104.5,28,2278,89.6,89.85,0,26,0,0.30000000000001137,6.35,111,152,119,148,303,320,291,"-33.5","33.5"
26,641355,"Bellinger, Cody",2009,1.3,1,3,,4,2.002,1.208,0.636,26,26,102.4,30,2166,87.6,87.85,0,26,0,0.30000000000001137,6.42,119,146,125,152,292,322,299,"-34.5","34.5"
26,518692,"Freeman, Freddie",2582,1,1,3,,4,2.002,1.429,0.731,26,26,104.7,30.8,2280,88.5,88.83,0,26,0,0.29999999999999716,6.48,118,147,127,152,296,322,302,"-38.1","38.1"
26,571448,"Arenado, Nolan",2275,1.1,1,3,,4,2.002,1.402,0.759,26,26,104,27.6,2276,89.3,90.02,0,26,0,0.7000000000000028,6.7,108,152,122,147,301,328,299,"-38.3","38.3"
25,665487,"Tatis Jr., Fernando",2200,1.1,1,3,,4,2.002,1.575,0.816,25,25,105.5,28,2380,87.8,87.82,0,25,0,0,6.35,110,152,122,148,302,327,296,"-32.3","32.3"
25,669261,"Suwinski, Jack",2108,1.2,1,3,,4,2.002,1.647,0.84,25,25,106.3,30.2,2232,88,88.26,0,25,0,0.29999999999999716,6.32,119,145,116,151,297,327,299,"-31.2","31.2"
25,606192,"Hernández, Teoscar",2528,1,1,3,,4,2.002,1.682,0.895,25,25,107.1,25.1,2225,89.9,90.27,0,25,0,0.3999999999999915,6.44,111,152,122,147,303,326,293,"-34.2","34.2"
25,642350,"Siri, Jose",1340,1.9,1,3,,4,2.002,1.436,0.746,25,25,105.6,29.3,2240,88.9,89.14,0,25,0,0.19999999999998863,6.39,110,152,113,147,305,326,291,"-31.8","31.8"
25,650402,"Torres, Gleyber",2486,1,1,3,,4,2.002,1.453,0.764,25,25,104.4,28.1,2246,91.4,91.72,0,25,0,0.29999999999999716,6.49,109,152,121,147,305,327,286,"-30.4","30.4"
25,682998,"Carroll, Corbin",2304,1.1,1,3,,4,2.002,1.331,0.716,25,25,103.6,27.4,2298,88.9,88.98,0,25,0,0.09999999999999432,6.32,115,146,110,151,293,324,303,"-33.6","33.6"
25,502671,"Goldschmidt, Paul",2740,0.9,1,3,,4,2.002,1.557,0.811,25,25,105.2,29.2,2248,89.6,89.92,0,25,0,0.30000000000001137,6.32,108,151,122,147,312,325,297,"-32.5","32.5"
25,543760,"Semien, Marcus",2632,0.9,1,3,,4,2.002,1.042,0.566,25,25,100.8,29.3,2200,90.3,90.25,0,25,0,0,6.3,110,151,120,146,306,329,296,"-33.3","33.3"
24,665489,"Guerrero Jr., Vladimir",2290,1,1,3,,4,2.002,1.588,0.853,24,24,107.2,25.5,2147,86.6,86.63,0,24,0,0,6.3,104,151,125,148,303,332,296,"-35.5","35.5"
24,671213,"Casas, Triston",2062,1.2,1,3,,4,2.002,1.619,0.825,24,24,106.8,29.8,2227,89.5,89.86,0,24,0,0.4000000000000057,6.42,118,147,124,151,288,323,304,"-33.4","33.4"
24,519317,"Stanton, Giancarlo",1647,1.5,1,3,,4,2.002,1.647,0.883,24,24,110.6,24.7,2240,90,90.2,0,24,0,0.20000000000000284,6.35,109,150,124,147,313,330,293,"-32.7","32.7"
24,608324,"Bregman, Alex",2644,0.9,1,3,,4,2.002,0.927,0.511,24,24,100.4,29.7,2147,87.9,87.81,0,24,0,-0.10000000000000853,6.28,110,151,119,146,296,328,291,"-35.7","35.7"
24,642715,"Adames, Willy",2451,1,1,3,,4,2.002,1.512,0.78,24,24,104.1,29.6,2249,90.3,90.6,0,24,0,0.29999999999999716,6.49,104,149,118,143,303,322,292,"-34","34"
24,666624,"Morel, Christopher",1536,1.6,1,3,,4,2.002,1.618,0.83,24,24,106.5,29,2287,88.7,89.01,0,24,0,0.29999999999999716,6.41,110,150,117,145,300,323,296,"-33.6","33.6"
24,666971,"Gurriel Jr., Lourdes",2065,1.2,1,3,,4,2.002,1.174,0.632,24,24,102.5,29.2,2230,86.1,86.13,0,24,0,0,6.38,112,150,122,147,307,328,295,"-35.2","35.2"
24,607043,"Nimmo, Brandon",2731,0.9,1,3,,4,2.002,1.642,0.869,24,24,106.2,25.8,2078,88.4,88.8,0,24,0,0.3999999999999915,6.48,120,149,108,153,292,322,303,"-29.8","29.8"
24,608070,"Ramírez, José",2457,1,1,3,,4,2.002,1.457,0.785,24,24,104.4,26.5,2338,89.2,89.59,0,24,0,0.3999999999999915,6.45,112,149,124,149,295,323,292,"-31.3","31.3"
24,606466,"Marte, Ketel",2370,1,1,3,,4,2.002,1.233,0.675,24,24,103.8,27.3,2189,86.5,87.13,0,24,0,0.5999999999999943,6.61,112,145,113,148,297,329,303,"-33.5","33.5"
23,673962,"Jung, Josh",1820,1.3,1,3,,4,2.002,1.508,0.784,23,23,104.3,28.7,2376,88.2,88.37,0,23,0,0.20000000000000284,6.4,102,151,121,145,312,331,294,"-34","34"
23,673237,"Diaz, Yainer",1255,1.8,1,3,,4,2.002,1.421,0.734,23,23,103.7,28.7,2121,87.7,87.46,0,23,0,-0.20000000000000284,6.17,110,150,123,146,295,327,290,"-31.3","31.3"
23,457759,"Turner, Justin",2539,0.9,1,3,,4,2.002,1.216,0.636,23,23,102.6,30,2259,89.2,89.38,0,23,0,0.20000000000000284,6.41,110,149,121,144,292,322,289,"-32","32"
23,641857,"McMahon, Ryan",2631,0.9,1,3,,4,2.002,1.527,0.779,23,23,105.2,30.2,2318,86.9,87.33,0,23,0,0.3999999999999915,6.4,121,147,125,152,298,333,311,"-31.6","31.6"
23,592273,"Drury, Brandon",1805,1.3,1,3,,4,2.002,1.327,0.727,23,23,104,28.5,2234,88.9,89.21,0,23,0,0.29999999999999716,6.51,108,153,121,148,306,324,295,"-31.9","31.9"
23,668227,"Arozarena, Randy",2579,0.9,1,3,,4,2.002,1.425,0.74,23,23,104.3,29.5,2172,90.3,89.98,0,23,0,-0.29999999999999716,6.15,110,152,122,147,302,330,294,"-31.4","31.4"
23,682626,"Alvarez, Francisco",1538,1.5,1,3,,4,2.002,1.403,0.738,23,23,104.5,28.9,2276,88.9,89.06,0,23,0,0.19999999999998863,6.42,109,151,123,148,303,322,295,"-34.8","34.8"
22,596146,"Kepler, Max",1815,1.2,1,3,,4,2.002,1.466,0.789,22,22,104.8,27.2,2212,87.9,88.26,0,22,0,0.3999999999999915,6.4,119,146,119,152,294,323,297,"-29.5","29.5"
22,527038,"Flores, Wilmer",1741,1.3,1,3,,4,2.002,1.156,0.629,22,22,101.7,29.4,2244,89.6,89.73,0,22,0,0.10000000000000853,6.36,106,151,122,147,297,320,291,"-29","29"
22,668804,"Reynolds, Bryan",2317,0.9,1,3,,4,2.002,1.564,0.791,22,22,105.5,30.2,2222,90.5,90.87,0,22,0,0.4000000000000057,6.45,112,145,119,148,299,323,299,"-27.8","27.8"
22,668715,"Steer, Spencer",2556,0.9,1,3,,4,2.002,1.314,0.706,22,22,103,27.6,2220,85.8,86.15,0,22,0,0.29999999999999716,6.43,103,152,120,147,298,322,287,"-31.3","31.3"
21,608336,"Gallo, Joey",1428,1.5,1,3,,4,2.002,1.68,0.835,21,21,107.2,31.9,2233,89.2,89.19,0,21,0,0,6.26,117,146,123,152,303,329,294,"-31.3","31.3"
21,621550,"Wisdom, Patrick",1254,1.7,1,3,,4,2.002,1.583,0.835,21,21,106.2,26.3,2209,88.8,88.86,0,21,0,0.10000000000000853,6.16,111,153,122,147,299,322,296,"-29.6","29.6"
21,664040,"Lowe, Brandon",1689,1.2,1,3,,4,2.002,1.512,0.778,21,21,104.9,29.6,2316,86.9,86.95,0,21,0,0,6.41,112,145,114,150,291,327,298,"-31","31"
21,681546,"Outman, James",2183,1,1,3,,4,2.002,1.495,0.775,21,21,104.5,28.3,2201,89.8,90.37,0,21,0,0.6000000000000085,6.6,115,145,123,151,291,322,299,"-30.5","30.5"
21,683011,"Volpe, Anthony",2206,1,1,3,,4,2.002,1.246,0.665,21,21,103,28.7,2214,92.7,92.9,0,21,0,0.20000000000000284,6.48,106,151,114,146,306,324,284,"-33.3","33.3"
21,521692,"Perez, Salvador",1958,1.1,1,3,,4,2.002,1.473,0.761,21,21,104.6,29,2113,89,89.51,0,21,0,0.5,6.47,111,153,124,146,307,328,297,"-28.1","28.1"
21,467793,"Santana, Carlos",2335,0.9,1,3,,4,2.002,1.311,0.713,21,21,103.2,26.6,2323,89.1,89.31,0,21,0,0.20000000000000284,6.53,117,145,124,150,298,324,294,"-26.7","26.7"
21,621020,"Swanson, Dansby",2407,0.9,1,3,,4,2.002,1.269,0.677,21,21,102.6,28.8,2206,89.3,90,0,21,0,0.7000000000000028,6.62,107,149,119,144,299,321,291,"-27.4","27.4"
21,592696,"Rosario, Eddie",1802,1.2,1,3,,4,2.002,1.394,0.742,21,21,103.4,27.1,2190,88.7,89.17,0,21,0,0.5,6.5,108,145,113,151,304,328,300,"-34.6","34.6"
21,605137,"Bell, Josh",2292,0.9,1,3,,4,2.002,1.605,0.82,21,21,105.9,29.6,2226,89.3,89.28,0,21,0,0,6.28,116,147,125,149,296,322,294,"-24.8","24.8"
21,553993,"Suárez, Eugenio",2733,0.8,1,3,,4,2.002,1.435,0.727,21,21,103.9,31.4,2284,89.9,90.28,0,21,0,0.3999999999999915,6.49,106,151,120,144,300,323,291,"-30","30"
21,600869,"Candelario, Jeimer",2256,0.9,1,3,,4,2.002,1.39,0.721,21,21,103.9,29.4,2272,88.6,88.74,0,21,0,0.10000000000000853,6.32,119,148,123,151,295,323,298,"-26.8","26.8"
20,543807,"Springer, George",2371,0.8,1,3,,4,2.002,1.231,0.67,20,20,103.1,26.9,2309,87.9,87.98,0,20,0,0.09999999999999432,6.3,108,152,122,146,297,327,290,"-22.9","22.9"
20,676801,"McCormick, Chas",1686,1.2,1,3,,4,2.002,1.157,0.591,20,20,102.7,32.7,2324,90.9,90.87,0,20,0,0,6.4,104,151,115,147,302,327,289,"-29.7","29.7"
20,669221,"Murphy, Sean",1664,1.2,1,3,,4,2.002,1.672,0.882,20,20,107.6,27.1,2195,89.3,89.82,0,20,0,0.5,6.56,104,151,122,146,309,331,296,"-29","29"
20,683734,"Vaughn, Andrew",2171,0.9,1,3,,4,2.002,1.371,0.741,20,20,104.6,27.5,2231,88.4,88.93,0,20,0,0.5,6.5,104,147,120,143,304,327,292,"-25.7","25.7"
20,594807,"Duvall, Adam",1255,1.6,1,3,,4,2.002,1.472,0.756,20,20,105.6,30.3,2245,91.2,91.25,0,20,0,0.09999999999999432,6.31,106,153,120,145,286,325,298,"-30.8","30.8"
20,575929,"Contreras, Willson",1950,1,1,3,,4,2.002,1.721,0.893,20,20,108.9,28,2258,89.2,90.01,0,20,0,0.7999999999999972,6.71,108,150,121,146,309,327,296,"-26.9","26.9"
20,592669,"Renfroe, Hunter",2092,1,1,3,,4,2.002,1.314,0.71,20,20,103.2,26.7,2203,87.9,88.22,0,20,0,0.29999999999999716,6.43,104,150,119,143,302,327,296,"-26.5","26.5"
20,669127,"Langeliers, Shea",1809,1.1,1,3,,4,2.002,1.549,0.8,20,20,106.4,29,2343,89.4,89.41,0,20,0,0,6.31,108,152,121,146,299,324,291,"-27.9","27.9"
20,572191,"Taylor, Michael A.",1406,1.4,1,3,,4,2.002,1.448,0.75,20,20,105.4,30.4,2250,88.7,89.03,0,20,0,0.29999999999999716,6.48,108,150,111,145,303,325,289,"-25.6","25.6"
20,681481,"Carpenter, Kerry",1584,1.3,1,3,,4,2.002,1.224,0.642,20,20,102.6,31.1,2185,88.6,88.83,0,20,0,0.20000000000000284,6.35,118,147,118,153,291,327,298,"-32.3","32.3"
20,650490,"Díaz, Yandy",2269,0.9,1,3,,4,2.002,1.373,0.793,20,20,106.5,24.2,2330,86.6,86.71,0,20,0,0.10000000000000853,6.41,109,149,122,147,307,327,292,"-29.3","29.3"
19,650559,"De La Cruz, Bryan",2321,0.8,1,3,,4,2.002,1.454,0.766,19,19,103.9,28.3,2246,88.8,89.12,0,19,0,0.29999999999999716,6.47,102,151,121,147,302,322,290,"-26.8","26.8"
19,593428,"Bogaerts, Xander",2495,0.8,1,3,,4,2.002,1.309,0.69,19,19,102.8,28.5,2283,88.2,88.34,0,19,0,0.09999999999999432,6.43,103,151,123,147,302,325,296,"-29.6","29.6"
19,596142,"Sánchez, Gary",1091,1.7,1,3,,4,2.002,1.54,0.816,19,19,105.2,27,2236,89.1,89.44,0,19,0,0.30000000000001137,6.46,112,152,125,147,301,325,301,"-29.7","29.7"
19,673548,"Suzuki, Seiya",2283,0.8,1,3,,4,2.002,1.484,0.786,19,19,105.4,27.8,2287,85.6,85.87,0,19,0,0.30000000000001137,6.35,111,152,122,148,303,324,294,"-21.7","21.7"
19,664023,"Happ, Ian",2712,0.7,1,3,,4,2.002,1.371,0.725,19,19,103.7,28.1,2165,87,88.21,0,19,0,1.2000000000000028,6.44,113,148,122,149,297,324,302,"-25.4","25.4"
19,670042,"Raley, Luke",1545,1.2,1,3,,4,2.002,1.618,0.836,19,19,107.1,26.3,2150,88.9,89.14,0,19,0,0.19999999999998863,6.51,118,146,116,152,294,327,304,"-22.4","22.4"
19,592663,"Realmuto, J.T.",1974,1,1,3,,4,2.002,1.498,0.779,19,19,105,28.6,2241,88.5,88.86,0,19,0,0.4000000000000057,6.48,107,152,121,147,307,324,294,"-22.3","22.3"
19,668670,"Rogers, Jake",1347,1.4,1,3,,4,2.002,1.405,0.733,19,19,103.3,29.5,2114,90.6,90.49,0,19,0,-0.09999999999999432,6.18,111,152,123,147,300,325,291,"-28.2","28.2"
19,666182,"Bichette, Bo",2065,0.9,1,3,,4,2.002,1.5,0.795,19,19,104.4,26.4,2266,87,87.11,0,19,0,0.09999999999999432,6.33,111,151,122,150,300,325,291,"-27.1","27.1"
19,547180,"Harper, Bryce",1913,1,1,3,,4,2.002,1.604,0.861,19,19,107,25.3,2229,87,87.17,0,19,0,0.20000000000000284,6.41,113,147,125,152,293,327,300,"-26.6","26.6"
19,668939,"Rutschman, Adley",2736,0.7,1,3,,4,2.002,1.5,0.774,19,19,104.9,29.1,2201,91.5,91.84,0,19,0,0.29999999999999716,6.49,115,149,125,152,299,327,296,"-24","24"
18,621043,"Correa, Carlos",2256,0.8,1,3,,4,2.002,1.36,0.736,18,18,105,27.1,2297,88.7,89.09,0,18,0,0.3999999999999915,6.45,111,152,122,147,304,326,290,"-20.9","20.9"
18,663624,"Mountcastle, Ryan",1702,1.1,1,3,,4,2.002,1.673,0.85,18,18,107.1,27.7,2324,86,86.28,0,18,0,0.29999999999999716,6.4,108,148,119,145,310,330,292,"-29.7","29.7"
18,605204,"Davis, J.D.",2017,0.9,1,3,,4,2.002,1.38,0.717,18,18,104,30.1,2249,88.3,88.22,0,18,0,-0.09999999999999432,6.13,106,150,119,146,303,325,293,"-28.9","28.9"
18,641598,"Garver, Mitch",1283,1.4,1,3,,4,2.002,1.559,0.821,18,18,105.4,27.7,2284,89.9,90.02,0,18,0,0.09999999999999432,6.32,114,153,122,146,302,332,298,"-25.6","25.6"
18,665862,"Chisholm Jr., Jazz",1408,1.3,1,3,,4,2.002,1.548,0.78,18,18,105.4,30.9,2360,87.6,87.59,0,18,0,0,6.33,118,143,108,150,293,323,304,"-26","26"
18,666139,"Lowe, Josh",1891,1,1,3,,4,2.002,1.604,0.825,18,18,106,27.8,2160,87.9,87.94,0,18,0,0,6.31,120,147,118,153,295,326,301,"-21.7","21.7"
18,671739,"Harris II, Michael",1816,1,1,3,,4,2.002,1.577,0.829,18,18,106,27,2298,86.1,86.42,0,18,0,0.30000000000001137,6.41,120,146,114,152,294,324,305,"-21.7","21.7"
18,682928,"Abrams, CJ",2048,0.9,1,3,,4,2.002,1.194,0.647,18,18,102.2,28.1,2105,88.3,88.69,0,18,0,0.4000000000000057,6.42,114,143,104,147,289,317,296,"-24.4","24.4"
18,669257,"Smith, Will",2144,0.8,1,3,,4,2.002,1.192,0.623,18,18,102.8,30.9,2251,87.9,88.14,0,18,0,0.19999999999998863,6.31,105,151,121,146,303,322,292,"-25.3","25.3"
18,545361,"Trout, Mike",1547,1.2,1,3,,4,2.002,1.66,0.845,18,18,106.5,30,2241,86.7,86.99,0,18,0,0.29999999999999716,6.39,103,151,121,145,314,329,298,"-24.8","24.8"
18,641680,"Heim, Jonah",1839,1,1,3,,4,2.002,1.388,0.722,18,18,103.5,29.7,2273,90.6,90.83,0,18,0,0.29999999999999716,6.51,118,147,121,151,299,331,292,"-32.2","32.2"
17,514888,"Altuve, Jose",1399,1.2,1,3,,4,2.002,1.335,0.699,17,17,103.5,30.3,2241,89.2,89.47,0,17,0,0.29999999999999716,6.45,113,152,116,146,300,326,299,"-23.2","23.2"
17,621439,"Buxton, Byron",1367,1.2,1,3,,4,2.002,1.363,0.725,17,17,104.9,27.9,2317,87.5,87.89,0,17,0,0.4000000000000057,6.37,109,150,118,144,301,327,295,"-26.9","26.9"
17,592885,"Yelich, Christian",2422,0.7,1,3,,4,2.002,1.522,0.793,17,17,105.6,28.4,2127,90.4,91.02,0,17,0,0.5999999999999943,6.59,119,147,119,152,292,324,302,"-23.9","23.9"
17,661388,"Contreras, William",2247,0.8,1,3,,4,2.002,1.65,0.84,17,17,106.8,28.5,2230,88.4,88.7,0,17,0,0.29999999999999716,6.46,107,151,121,146,306,320,288,"-23.4","23.4"
17,673490,"Kim, Ha-Seong",2541,0.7,1,3,,4,2.002,1.1,0.609,17,17,101.4,26.8,2262,90,90.09,0,17,0,0.09999999999999432,6.37,114,151,116,146,302,325,291,"-21.9","21.9"
17,606115,"Arcia, Orlando",2011,0.8,1,3,,4,2.002,1.578,0.829,17,17,104,27.1,2322,92.7,93.31,0,17,0,0.5999999999999943,6.58,106,152,123,149,310,324,297,"-23.2","23.2"
17,666134,"Jones, Nolan",1609,1.1,1,3,,4,2.002,1.687,0.875,17,17,107.7,27.8,2227,89,89.78,0,17,0,0.7999999999999972,6.56,119,148,119,153,296,331,304,"-22.7","22.7"
17,643376,"Jansen, Danny",1185,1.4,1,3,,4,2.002,1.265,0.696,17,17,102.8,27.7,2217,88.6,88.49,0,17,0,-0.09999999999999432,6.25,105,149,120,143,288,325,297,"-23.7","23.7"
17,662139,"Varsho, Daulton",2201,0.8,1,3,,4,2.002,1.547,0.827,17,17,105.9,26.1,2246,90.4,90.71,0,17,0,0.29999999999999716,6.54,108,143,111,149,291,325,296,"-22.1","22.1"
17,647304,"Naylor, Josh",1510,1.1,1,3,,4,2.002,1.514,0.802,17,17,104.5,26,2158,88.8,88.96,0,17,0,0.20000000000000284,6.39,113,147,124,150,292,320,295,"-26.7","26.7"
17,660688,"Ruiz, Keibert",1753,1,1,3,,4,2.002,1.129,0.623,17,17,101.7,27.6,2300,90.4,90.94,0,17,0,0.5,6.53,121,147,119,152,293,319,296,"-22.7","22.7"
17,664761,"Bohm, Alec",2114,0.8,1,3,,4,2.002,1.52,0.789,17,17,104.2,28.4,2069,87.5,87.77,0,17,0,0.29999999999999716,6.42,105,150,121,147,308,324,293,"-25.3","25.3"
17,677551,"Franco, Wander",1901,0.9,1,3,,4,2.002,1.414,0.756,17,17,104.4,28.4,2237,89,89.02,0,17,0,0,6.42,114,147,119,151,296,329,304,"-19.9","19.9"
17,650391,"Jiménez, Eloy",1613,1.1,1,3,,4,2.002,1.55,0.834,17,17,106.6,26,2292,89.5,90.38,0,17,0,0.9000000000000057,6.81,107,152,124,147,304,330,295,"-21.5","21.5"
16,474832,"Belt, Brandon",1703,0.9,1,3,,4,2.002,1.433,0.732,16,16,103.6,30.4,2265,89.8,90.37,0,16,0,0.6000000000000085,6.63,120,147,114,152,290,324,296,"-19.1","19.1"
16,663993,"Lowe, Nathaniel",2843,0.6,1,3,,4,2.002,1.415,0.755,16,16,104,27.6,2290,87.7,87.49,0,16,0,-0.20000000000000284,6.16,116,147,128,150,299,329,305,"-21.9","21.9"
16,680574,"McLain, Matt",1672,1,1,3,,4,2.002,1.225,0.654,16,16,103,29.6,2157,91.4,91.83,0,16,0,0.3999999999999915,6.49,114,152,120,148,305,322,292,"-24","24"
16,663697,"India, Jonathan",2048,0.8,1,3,,4,2.002,1.388,0.736,16,16,103,28.6,2272,89.9,90.33,0,16,0,0.3999999999999915,6.48,105,152,119,147,300,326,294,"-21.8","21.8"
16,643265,"Cooper, Garrett",1707,0.9,1,3,,4,2.002,1.424,0.724,16,16,104.5,30.3,2311,88.4,88.61,0,16,0,0.19999999999998863,6.48,108,148,121,145,303,324,296,"-27.3","27.3"
16,691023,"Walker, Jordan",1522,1.1,1,3,,4,2.002,1.387,0.759,16,16,105.7,26.3,2274,87.6,87.78,0,16,0,0.20000000000000284,6.44,107,153,121,148,308,330,302,"-20.1","20.1"
16,669720,"Hays, Austin",2019,0.8,1,3,,4,2.002,1.435,0.737,16,16,103.3,28.8,2163,88.9,89.14,0,16,0,0.19999999999998863,6.47,112,152,118,147,305,328,292,"-18.2","18.2"
16,547989,"Abreu, José",2247,0.7,1,3,,4,2.002,1.417,0.794,16,16,106.1,25.9,2152,86.1,86.15,0,16,0,0.10000000000000853,6.31,108,150,120,146,302,324,296,"-27.4","27.4"
16,641487,"Crawford, J.P.",2456,0.7,1,3,,4,2.002,1.16,0.667,16,16,102.8,26.1,2276,89.3,89.63,0,16,0,0.29999999999999716,6.56,117,147,104,152,285,318,296,"-20.8","20.8"
16,502054,"Pham, Tommy",1774,0.9,1,3,,4,2.002,1.446,0.78,16,16,104.9,28,2365,87.6,87.81,0,16,0,0.20000000000000284,6.46,109,152,123,148,308,325,290,"-21.9","21.9"
16,664774,"Wade Jr., LaMonte",2012,0.8,1,3,,4,2.002,1.394,0.732,16,16,104.6,27.7,2371,90.6,90.88,0,16,0,0.30000000000001137,6.42,123,147,110,152,291,320,304,"-17.6","17.6"
16,650859,"Rengifo, Luis",1662,1,1,3,,4,2.002,1.305,0.703,16,16,102.7,28.6,2178,89.3,89.14,0,16,0,-0.20000000000000284,6.36,116,148,105,152,293,319,299,"-20","20"
16,645801,"Ford, Mike",977,1.6,1,3,,4,2.002,1.295,0.68,16,16,103.7,30.7,2153,90.5,90.55,0,16,0,0,6.29,118,146,135,152,291,325,298,"-19.4","19.4"
15,669004,"Melendez, MJ",2336,0.6,1,3,,4,2.002,1.523,0.795,15,15,104.4,27.9,2388,89.6,89.93,0,15,0,0.30000000000001137,6.44,115,146,123,151,299,330,303,"-19.1","19.1"
15,676116,"Noda, Ryan",1908,0.8,1,3,,4,2.002,1.315,0.678,15,15,103.5,30.9,2148,85.7,86.03,0,15,0,0.29999999999999716,6.47,115,146,123,150,293,322,297,"-20.6","20.6"
15,518792,"Heyward, Jason",1310,1.1,1,3,,4,2.002,1.154,0.653,15,15,102.8,26.9,2102,92,92.43,0,15,0,0.4000000000000057,6.47,114,146,126,152,293,320,301,"-18.7","18.7"
15,681082,"Stott, Bryson",2533,0.6,1,3,,4,2.002,0.942,0.515,15,15,100.8,31,2315,88.2,88.48,0,15,0,0.29999999999999716,6.31,118,148,112,152,282,319,297,"-21.1","21.1"
15,621035,"Taylor, Chris",1510,1,1,3,,4,2.002,1.689,0.856,15,15,106.5,30.1,2087,90.9,91.1,0,15,0,0.19999999999998863,6.45,108,152,118,146,303,318,288,"-24.3","24.3"
15,545341,"Grichuk, Randal",1560,1,1,3,,4,2.002,1.169,0.617,15,15,102.5,30.5,2322,89.1,89.53,0,15,0,0.4000000000000057,6.49,111,152,121,147,304,327,294,"-16.9","16.9"
15,807799,"Yoshida, Masataka",2090,0.7,1,3,,4,2.002,1.369,0.749,15,15,104,26.1,2251,89.1,89.22,0,15,0,0.10000000000000853,6.44,115,146,117,151,279,322,301,"-24.5","24.5"
15,676369,"Velázquez, Nelson",577,2.6,1,3,,4,2.002,1.552,0.799,15,15,104.5,29.9,2142,91.1,91.54,0,15,0,0.4000000000000057,6.38,104,152,121,146,306,326,303,"-20.9","20.9"
15,518934,"LeMahieu, DJ",2091,0.7,1,3,,4,2.002,1.109,0.62,15,15,101.7,27.3,2336,89.3,89.32,0,15,0,0,6.34,111,150,123,149,305,327,286,"-16.8","16.8"
15,624424,"Conforto, Michael",1794,0.8,1,3,,4,2.002,1.263,0.675,15,15,103.6,29.7,2294,85.9,86.52,0,15,0,0.5999999999999943,6.57,118,148,114,150,297,322,299,"-22.3","22.3"
15,641584,"Fraley, Jake",1391,1.1,1,3,,4,2.002,1.063,0.59,15,15,102.1,27.5,2198,89.7,90.01,0,15,0,0.29999999999999716,6.45,115,144,114,147,286,318,296,"-22.5","22.5"
15,656305,"Chapman, Matt",2296,0.7,1,3,,4,2.002,1.479,0.783,15,15,105.2,27.5,2073,88.7,88.81,0,15,0,0.09999999999999432,6.36,109,153,123,147,300,327,298,"-20.4","20.4"
15,668904,"Lewis, Royce",906,1.7,1,3,,4,2.002,1.242,0.693,15,15,105.6,27.7,2409,91,91.67,0,15,0,0.7000000000000028,6.61,113,152,120,146,299,324,291,"-28.7","28.7"
15,656775,"Mullins, Cedric",1666,0.9,1,3,,4,2.002,1.114,0.609,15,15,101.4,28.8,2288,92.5,92.53,0,15,0,0,6.37,110,141,101,149,293,324,295,"-25.7","25.7"
15,678662,"Tovar, Ezequiel",2151,0.7,1,3,,4,2.002,1.307,0.703,15,15,103.5,28.3,2140,85.5,85.81,0,15,0,0.29999999999999716,6.35,107,149,112,147,306,324,293,"-19.4","19.4"
14,458015,"Votto, Joey",868,1.6,1,3,,4,2.002,1.318,0.669,14,14,104.3,33.9,2291,90.1,90.39,0,14,0,0.30000000000001137,6.36,121,148,120,151,296,325,300,"-18.4","18.4"
14,573262,"Yastrzemski, Mike",1423,1,1,3,,4,2.002,1.225,0.618,14,14,101.9,31.5,2150,88.1,88.3,0,14,0,0.20000000000000284,6.4,117,144,103,149,290,317,296,"-18.7","18.7"
14,686681,"Massey, Michael",1741,0.8,1,3,,4,2.002,1.418,0.723,14,14,104.3,31.5,2264,89.5,90.36,0,14,0,1,6.71,116,145,106,151,296,323,296,"-20.2","20.2"
14,621493,"Ward, Taylor",1627,0.9,1,3,,4,2.002,1.386,0.766,14,14,104.8,26.3,2215,88.8,89.15,0,14,0,0.29999999999999716,6.45,104,152,120,145,306,322,295,"-19.8","19.8"
14,663647,"Hayes, Ke'Bryan",1796,0.8,1,3,,4,2.002,1.217,0.645,14,14,103,29.2,2190,86.5,86.86,0,14,0,0.4000000000000057,6.46,112,153,124,149,316,322,289,"-18","18"
14,666397,"Julien, Edouard",1568,0.9,1,3,,4,2.002,1.456,0.749,14,14,103.5,30.2,2221,91.6,91.96,0,14,0,0.4000000000000057,6.41,121,147,108,153,291,321,299,"-17.6","17.6"
14,592626,"Pederson, Joc",1606,0.9,1,3,,4,2.002,1.438,0.761,14,14,106.6,28.6,2269,90.8,91.22,0,14,0,0.4000000000000057,6.5,117,147,116,153,301,327,302,"-17.1","17.1"
14,455117,"Maldonado, Martín",1503,0.9,1,3,,4,2.002,1.388,0.715,14,14,103.3,29.8,2201,89,89.62,0,14,0,0.5999999999999943,6.65,110,152,122,147,298,326,292,"-16.5","16.5"
14,553869,"Díaz, Elias",1876,0.7,1,3,,4,2.002,1.59,0.866,14,14,105.9,24.4,2288,85.8,86.24,0,14,0,0.4000000000000057,6.31,111,149,120,144,311,329,294,"-17.8","17.8"
14,670770,"Friedl, TJ",2052,0.7,1,3,,4,2.002,0.784,0.458,14,14,99.1,28.1,2225,92.7,92.88,0,14,0,0.20000000000000284,6.34,115,144,95,148,284,318,294,"-18.5","18.5"
14,657557,"DeJong, Paul",1423,1,1,3,,4,2.002,1.456,0.77,14,14,104,28.3,2354,89.2,89.27,0,14,0,0.09999999999999432,6.3,106,151,120,147,300,325,292,"-20.5","20.5"
14,656811,"O'Hearn, Ryan",1336,1,1,3,,4,2.002,1.244,0.658,14,14,102.6,29.2,2233,87.9,87.92,0,14,0,0,6.37,117,144,125,149,296,329,302,"-18","18"
14,677649,"Duran, Ezequiel",1645,0.9,1,3,,4,2.002,1.608,0.831,14,14,106.7,29.1,2076,84.5,84.51,0,14,0,0,6.34,103,151,115,147,312,327,294,"-20.6","20.6"
13,686894,"Wiemer, Joey",1585,0.8,1,3,,4,2.002,1.542,0.816,13,13,105.1,26.5,2203,89.4,89.78,0,13,0,0.3999999999999915,6.42,103,150,118,145,302,322,290,"-20.1","20.1"
13,665926,"Giménez, Andrés",2241,0.6,1,3,,4,2.002,1.182,0.623,13,13,103,30.3,2281,88.2,88.42,0,13,0,0.20000000000000284,6.42,108,145,102,150,282,318,295,"-16","16"
13,596129,"Vogelbach, Daniel",1394,0.9,1,3,,4,2.002,1.23,0.657,13,13,103.4,30,2392,91.1,91.27,0,13,0,0.20000000000000284,6.35,125,148,129,152,294,326,299,"-19.7","19.7"
13,608841,"Meneses, Joey",2390,0.5,1,3,,4,2.002,1.132,0.633,13,13,102,27.7,2497,90.2,90.52,0,13,0,0.29999999999999716,6.38,105,150,122,148,305,325,294,"-17.9","17.9"
13,663757,"Grisham, Trent",2249,0.6,1,3,,4,2.002,1.433,0.734,13,13,104.6,31.1,2135,90.4,90.45,0,13,0,0.09999999999999432,6.39,112,147,104,152,291,323,306,"-17.8","17.8"
13,657077,"Verdugo, Alex",2269,0.6,1,3,,4,2.002,1.203,0.683,13,13,103.1,26.4,2406,88.2,88.47,0,13,0,0.29999999999999716,6.36,119,147,121,151,278,320,304,"-16.1","16.1"
13,642133,"Tellez, Rowdy",1460,0.9,1,3,,4,2.002,1.197,0.676,13,13,103.3,26,2274,83.8,84.07,0,13,0,0.29999999999999716,6.55,116,148,127,153,293,326,295,"-17.4","17.4"
13,680869,"Gelof, Zack",994,1.3,1,3,,4,2.002,1.387,0.739,13,13,103.8,29,2223,89.8,90.2,0,13,0,0.4000000000000057,6.41,115,153,119,148,305,322,295,"-15.4","15.4"
13,664913,"Brown, Seth",1367,1,1,3,,4,2.002,1.409,0.731,13,13,104.1,30.1,2274,87.7,88.43,0,13,0,0.7000000000000028,6.68,112,145,121,151,292,323,302,"-18.8","18.8"
13,663457,"Nootbaar, Lars",1899,0.7,1,3,,4,2.002,1.51,0.808,13,13,105.1,27.1,2096,88.9,89.58,0,13,0,0.6999999999999886,6.52,120,148,109,153,297,327,305,"-14.6","14.6"
13,666160,"Moniak, Mickey",1120,1.2,1,3,,4,2.002,1.518,0.78,13,13,104.4,29.5,2226,89.7,89.51,0,13,0,-0.20000000000000284,6.22,111,146,109,152,299,325,302,"-18.9","18.9"
13,666165,"Sabol, Blake",1284,1,1,3,,4,2.002,1.423,0.727,13,13,104.6,31.3,2413,88.7,88.67,0,13,0,0,6.25,113,144,113,149,285,318,298,"-20.6","20.6"
13,624428,"Frazier, Adam",1659,0.8,1,3,,4,2.002,0.932,0.513,13,13,99.7,28.6,2304,88.8,89.05,0,13,0,0.29999999999999716,6.49,111,145,106,147,288,320,295,"-21.2","21.2"
13,660821,"Sánchez, Jesús",1536,0.8,1,3,,4,2.002,1.854,0.937,13,13,107.1,28.6,2248,87.6,88.02,0,13,0,0.4000000000000057,6.62,119,146,121,152,297,321,305,"-21.4","21.4"
13,593871,"Polanco, Jorge",1307,1,1,3,,4,2.002,1.457,0.764,13,13,106,30.1,2194,90.2,90.62,0,13,0,0.3999999999999915,6.49,116,149,113,151,297,323,294,"-17.9","17.9"
12,518626,"Donaldson, Josh",599,2,1,3,,4,2.002,1.761,0.897,12,12,108.5,29.2,2261,87.5,88.17,0,12,0,0.7000000000000028,6.56,110,152,123,148,301,321,287,"-14.8","14.8"
12,457705,"McCutchen, Andrew",2007,0.6,1,3,,4,2.002,1.229,0.643,12,12,103,31.5,2178,89.4,90.07,0,12,0,0.6999999999999886,6.64,114,152,122,146,302,324,296,"-16.9","16.9"
12,669222,"Senzel, Nick",1143,1,1,3,,4,2.002,0.967,0.514,12,12,100.7,31.9,2313,90.1,90.2,0,12,0,0.10000000000000853,6.33,107,151,113,147,300,322,293,"-15.6","15.6"
12,519058,"Moustakas, Mike",1431,0.8,1,3,,4,2.002,1.496,0.797,12,12,104.4,28.4,2422,89.7,89.83,0,12,0,0.09999999999999432,6.31,112,142,125,148,299,325,305,"-17.1","17.1"
12,665750,"Taveras, Leody",1965,0.6,1,3,,4,2.002,1.299,0.706,12,12,103.2,28.2,2048,88.8,89.28,0,12,0,0.5,6.62,111,146,106,149,297,327,302,"-15.4","15.4"
12,669242,"Edman, Tommy",1667,0.7,1,3,,4,2.002,1.241,0.638,12,12,102.3,30.3,2132,89.4,89.69,0,12,0,0.29999999999999716,6.52,109,150,106,150,293,326,302,"-19","19"
12,519203,"Rizzo, Anthony",1670,0.7,1,3,,4,2.002,1.071,0.57,12,12,102.4,31,2267,88.8,89.28,0,12,0,0.5,6.71,108,144,132,152,297,332,293,"-15.9","15.9"
12,543068,"Cron, C.J.",1050,1.1,1,3,,4,2.002,1.423,0.777,12,12,105.5,26.1,2337,88.4,88.64,0,12,0,0.19999999999998863,6.3,108,153,120,149,302,334,301,"-18.5","18.5"
12,642731,"Estrada, Thairo",1766,0.7,1,3,,4,2.002,1.413,0.742,12,12,103.9,27.8,2249,87.1,87.77,0,12,0,0.7000000000000028,6.54,110,152,107,147,299,322,292,"-13.8","13.8"
12,670242,"Wallner, Matt",920,1.3,1,3,,4,2.002,1.939,0.971,12,12,109.6,28.3,2147,85,84.87,0,12,0,-0.09999999999999432,6.13,118,144,127,152,292,325,300,"-16.8","16.8"
11,680777,"Jeffers, Ryan",1223,0.9,1,3,,4,2.002,1.662,0.864,11,11,108.5,27.7,2261,83.2,83.39,0,11,0,0.20000000000000284,6.26,108,148,118,145,304,321,291,"-14","14"
11,681351,"O'Hoppe, Logan",621,1.8,1,3,,4,2.002,1.456,0.764,11,11,104.5,28.4,2130,90.2,90.73,0,11,0,0.5,6.55,104,152,120,146,304,324,295,"-15.2","15.2"
11,623912,"Ramírez, Harold",1450,0.8,1,3,,4,2.002,1.505,0.838,11,11,106.2,24.4,2302,89.1,89.29,0,11,0,0.20000000000000284,6.53,105,148,117,145,307,329,294,"-15.4","15.4"
11,592192,"Canha, Mark",1940,0.6,1,3,,4,2.002,1.15,0.638,11,11,102.4,26.5,2029,91.1,91.26,0,11,0,0.20000000000000284,6.4,114,152,120,148,301,316,286,"-15.3","15.3"
11,680977,"Donovan, Brendan",1431,0.8,1,3,,4,2.002,1.095,0.594,11,11,101.5,29.8,2263,89.5,90.16,0,11,0,0.7000000000000028,6.58,109,145,107,149,292,325,302,"-15.9","15.9"
11,446334,"Longoria, Evan",888,1.2,1,3,,4,2.002,1.81,0.913,11,11,106.5,28.9,2224,88.8,89.39,0,11,0,0.6000000000000085,6.62,115,153,124,148,308,332,297,"-13.9","13.9"
11,666181,"Benson, Will",1292,0.9,1,3,,4,2.002,1.302,0.689,11,11,102.2,28.3,2123,88.2,88.57,0,11,0,0.3999999999999915,6.36,110,146,117,151,289,320,298,"-16.3","16.3"
11,682829,"De La Cruz, Elly",1594,0.7,1,3,,4,2.002,1.646,0.827,11,11,108.9,30,2189,89.5,89.81,0,11,0,0.29999999999999716,6.37,121,149,121,151,296,327,302,"-14.6","14.6"
11,621466,"Stewart, DJ",657,1.7,1,3,,4,2.002,1.425,0.73,11,11,104.7,30.8,2265,88.6,88.62,0,11,0,0,6.46,117,145,121,152,299,325,297,"-14.2","14.2"
11,672284,"Kelenic, Jarred",1537,0.7,1,3,,4,2.002,1.48,0.752,11,11,105,30.5,2284,89.1,89.91,0,11,0,0.8000000000000114,6.69,111,147,112,152,295,325,299,"-14.2","14.2"
11,593160,"Merrifield, Whit",2120,0.5,1,3,,4,2.002,0.805,0.438,11,11,100.1,32.6,2172,89.3,89.16,0,11,0,-0.09999999999999432,6.27,110,150,114,146,297,316,284,"-16.4","16.4"
11,641343,"Bauers, Jake",1098,1,1,3,,4,2.002,1.407,0.715,11,11,104.2,31.4,2350,90,90.32,0,11,0,0.29999999999999716,6.43,109,142,124,149,289,318,294,"-14","14"
11,642086,"Smith, Dominic",2098,0.5,1,3,,4,2.002,1.396,0.747,11,11,103.1,28.2,2306,91.5,91.87,0,11,0,0.4000000000000057,6.4,122,147,127,153,288,318,302,"-12.1","12.1"
11,571657,"Farmer, Kyle",1275,0.9,1,3,,4,2.002,1.322,0.705,11,11,102.2,30.2,2330,83.5,83.69,0,11,0,0.20000000000000284,6.21,112,152,118,146,297,318,289,"-14.5","14.5"
11,682985,"Greene, Riley",1723,0.6,1,3,,4,2.002,1.672,0.845,11,11,107.7,30.2,2334,88.4,88.29,0,11,0,-0.10000000000000853,6.17,118,147,127,153,292,331,301,"-12.5","12.5"
11,628451,"Ibáñez, Andy",1240,0.9,1,3,,4,2.002,1.491,0.793,11,11,103.7,27.3,2309,85.9,85.86,0,11,0,0,6.18,110,150,120,148,304,328,288,"-14.9","14.9"
11,656582,"Joe, Connor",1867,0.6,1,3,,4,2.002,1.396,0.737,11,11,104.2,29.3,2365,88.8,88.89,0,11,0,0.10000000000000853,6.25,110,152,122,147,306,321,293,"-15.1","15.1"
11,518595,"d'Arnaud, Travis",1018,1.1,1,3,,4,2.002,1.39,0.733,11,11,104,27.8,2418,89.5,89.45,0,11,0,-0.09999999999999432,6.15,101,151,124,148,311,325,290,"-16.5","16.5"
11,663886,"Stephenson, Tyler",1967,0.6,1,3,,4,2.002,1.058,0.548,11,11,101.7,31.2,2368,89.2,89.57,0,11,0,0.3999999999999915,6.41,110,152,120,148,301,322,286,"-13.5","13.5"
10,543257,"Grossman, Robbie",1653,0.6,1,3,,4,2.002,0.906,0.504,10,10,99.7,30.3,2386,88.7,89.24,0,10,0,0.5,6.64,102,146,118,149,298,323,294,"-16.7","16.7"
10,676694,"Meyers, Jake",1315,0.8,1,3,,4,2.002,1.248,0.659,10,10,102.4,29.6,2217,90.2,90.31,0,10,0,0.09999999999999432,6.3,108,149,114,146,298,327,283,"-16.4","16.4"
10,668709,"Bleday, JJ",1136,0.9,1,3,,4,2.002,1.451,0.767,10,10,105.5,27,2240,93.7,94.02,0,10,0,0.29999999999999716,6.55,120,147,118,150,296,326,296,"-13","13"
10,630105,"Cronenworth, Jake",2060,0.5,1,3,,4,2.002,1.15,0.617,10,10,103,31,2152,89.1,89.44,0,10,0,0.30000000000001137,6.6,112,147,113,151,293,329,306,"-13.4","13.4"
10,658668,"Olivares, Edward",1320,0.8,1,3,,4,2.002,1.566,0.82,10,10,105.1,27.5,2223,87.4,87.72,0,10,0,0.29999999999999716,6.42,111,152,116,147,310,331,300,"-11.3","11.3"
10,668800,"Knizner, Andrew",736,1.4,1,3,,4,2.002,1.424,0.751,10,10,104.6,28,2148,85.9,86.19,0,10,0,0.29999999999999716,6.27,105,153,121,148,304,323,288,"-15.1","15.1"
10,643446,"McNeil, Jeff",2129,0.5,1,3,,4,2.002,0.776,0.442,10,10,99.4,29.5,2312,90.4,90.75,0,10,0,0.3999999999999915,6.59,118,147,111,152,279,314,300,"-11.8","11.8"
10,542194,"Bethancourt, Christian",1141,0.9,1,3,,4,2.002,1.47,0.765,10,10,103.3,28.2,2314,88.7,88.98,0,10,0,0.29999999999999716,6.45,109,151,117,149,304,326,292,"-13.6","13.6"
10,650333,"Arraez, Luis",2143,0.5,1,3,,4,2.002,1.213,0.654,10,10,101.2,27.7,2268,91.1,91.12,0,10,0,0,6.37,113,148,112,151,278,315,302,"-12.3","12.3"
10,672478,"Diaz, Jordan",1012,1,1,3,,4,2.002,1.253,0.684,10,10,103.6,28.7,2243,85,84.85,0,10,0,-0.20000000000000284,6.16,114,153,121,149,305,322,285,"-11.7","11.7"
10,543309,"Higashioka, Kyle",983,1,1,3,,4,2.002,1.278,0.677,10,10,103.1,29.3,2236,90.3,90.5,0,10,0,0.20000000000000284,6.3,102,153,122,147,304,327,287,"-12.4","12.4"
10,669016,"Marsh, Brandon",1893,0.5,1,3,,4,2.002,1.636,0.845,10,10,105.2,27.8,2390,87.6,87.53,0,10,0,-0.09999999999999432,6.24,111,147,116,152,285,323,300,"-13.8","13.8"
10,668731,"Baddoo, Akil",1330,0.8,1,3,,4,2.002,1.446,0.756,10,10,104.6,29,2320,89.4,89.58,0,10,0,0.19999999999998863,6.32,119,148,106,151,289,321,303,"-16.2","16.2"
10,592178,"Bryant, Kris",1201,0.8,1,3,,4,2.002,1.31,0.684,10,10,102.2,30.7,2395,88.1,88.85,0,10,0,0.7000000000000028,6.39,108,151,119,147,308,336,298,"-12.5","12.5"
10,672356,"Arias, Gabriel",1305,0.8,1,3,,4,2.002,1.775,0.915,10,10,106.9,25.9,2212,90.9,91.22,0,10,0,0.4000000000000057,6.54,109,150,117,149,297,321,289,"-13","13"
10,657757,"Sheets, Gavin",1297,0.8,1,3,,4,2.002,1.224,0.686,10,10,103.6,26.4,2301,88.8,89.44,0,10,0,0.6000000000000085,6.62,114,147,127,152,294,329,300,"-15.8","15.8"
10,665161,"Peña, Jeremy",2175,0.5,1,3,,4,2.002,1.248,0.694,10,10,102.6,26.8,2235,86.6,86.28,0,10,0,-0.29999999999999716,6.27,106,150,118,146,299,325,288,"-16","16"
10,664034,"France, Ty",2306,0.4,1,3,,4,2.002,1.387,0.732,10,10,105.1,28.7,2253,89.7,90.05,0,10,0,0.29999999999999716,6.41,115,152,121,149,301,318,290,"-14.7","14.7"
9,687263,"Neto, Zach",1119,0.8,1,3,,4,2.002,1.52,0.788,9,9,104,29.9,2261,93.5,93.51,0,9,0,0,6.33,103,151,118,145,302,322,297,"-12.8","12.8"
9,595777,"Profar, Jurickson",2035,0.4,1,3,,4,2.002,0.946,0.525,9,9,101.7,30.8,2118,86.7,87.08,0,9,0,0.3999999999999915,6.49,115,149,109,151,293,323,296,"-11.4","11.4"
9,686668,"Doyle, Brenton",1461,0.6,1,3,,4,2.002,1.502,0.768,9,9,103.3,30.6,2461,87.3,87.8,0,9,0,0.5,6.34,103,151,118,146,308,332,298,"-12.3","12.3"
9,642136,"Thaiss, Matt",1241,0.7,1,3,,4,2.002,1.661,0.844,9,9,105.6,27.9,2333,89.1,88.99,0,9,0,-0.09999999999999432,6.31,125,149,120,153,298,324,299,"-9.7","9.7"
9,624415,"Biggio, Cavan",1203,0.7,1,3,,4,2.002,1.213,0.623,9,9,101.8,30.8,2358,90.2,90.7,0,9,0,0.5,6.64,116,147,112,152,292,323,299,"-13.6","13.6"
9,605119,"Anderson, Brian",1426,0.6,1,3,,4,2.002,1.582,0.82,9,9,103.5,27.7,2363,85.2,85.71,0,9,0,0.5,6.51,107,153,121,149,305,327,288,"-12.5","12.5"
9,621438,"Taylor, Tyrone",821,1.1,1,3,,4,2.002,1.179,0.609,9,9,102.6,30.7,2194,88.6,88.99,0,9,0,0.4000000000000057,6.53,113,153,123,146,305,322,292,"-9.7","9.7"
9,641943,"Palacios, Joshua",895,1,1,3,,4,2.002,1.434,0.738,9,9,104,30.7,2195,88.3,88.16,0,9,0,-0.09999999999999432,6.21,106,142,104,147,297,322,305,"-14.1","14.1"
9,663538,"Hoerner, Nico",2406,0.4,1,3,,4,2.002,0.722,0.457,9,9,99,26.7,2179,89.1,89.44,0,9,0,0.30000000000001137,6.57,111,151,119,149,301,317,290,"-13.6","13.6"
9,677950,"Thomas, Alek",1346,0.7,1,3,,4,2.002,1.08,0.591,9,9,101.3,28.9,2194,89.7,90,0,9,0,0.29999999999999716,6.32,109,147,109,150,289,323,302,"-13.4","13.4"
9,641933,"O'Neill, Tyler",1042,0.9,1,3,,4,2.002,1.661,0.874,9,9,106.5,27.1,1974,91.8,92.09,0,9,0,0.29999999999999716,6.3,110,152,122,147,313,330,298,"-12.3","12.3"
9,595879,"Báez, Javier",1883,0.5,1,3,,4,2.002,1.375,0.738,9,9,103.4,28,2181,86,86.24,0,9,0,0.20000000000000284,6.38,113,152,121,148,301,323,296,"-13","13"
9,687952,"Encarnacion-Strand, Christian",786,1.1,1,3,,4,2.002,1.579,0.799,9,9,105.6,30.3,2351,87,87.39,0,9,0,0.4000000000000057,6.43,106,151,124,148,299,328,291,"-13.9","13.9"
9,643289,"Dubón, Mauricio",1592,0.6,1,3,,4,2.002,1.079,0.636,9,9,101.8,25.8,2110,87,87.16,0,9,0,0.20000000000000284,6.43,116,152,113,148,301,324,287,"-9","9"
9,666310,"Naylor, Bo",935,1,1,3,,4,2.002,1.253,0.684,9,9,103.4,27.6,2211,90.9,91.44,0,9,0,0.5,6.54,107,143,118,152,291,328,297,"-12.1","12.1"
9,571771,"Hernández, Enrique",1873,0.5,1,3,,4,2.002,1.227,0.666,9,9,102.1,27.9,2250,87.2,87.78,0,9,0,0.5999999999999943,6.7,111,152,119,147,293,327,295,"-9.8","9.8"
9,666135,"Kirilloff, Alex",1145,0.8,1,3,,4,2.002,1.025,0.54,9,9,101.1,31.6,2318,90.1,90.53,0,9,0,0.4000000000000057,6.49,116,145,126,149,295,325,303,"-10.9","10.9"
9,656448,"Garrett, Stone",1038,0.9,1,3,,4,2.002,1.182,0.609,9,9,102.4,29.9,2083,87.8,88.69,0,9,0,0.9000000000000057,6.72,109,151,121,146,302,328,294,"-15.1","15.1"
9,686469,"Pasquantino, Vinnie",1013,0.9,1,3,,4,2.002,1.123,0.593,9,9,102.2,30.4,2202,87.1,87.11,0,9,0,0,6.26,115,147,131,152,297,329,304,"-10.9","10.9"
9,624641,"Sosa, Edmundo",1034,0.9,1,3,,4,2.002,1.212,0.646,9,9,102.4,29.2,2193,87.3,87.36,0,9,0,0.10000000000000853,6.34,109,151,119,148,297,320,286,"-10.8","10.8"
9,657656,"Laureano, Ramón",1542,0.6,1,3,,4,2.002,1.494,0.82,9,9,105.2,26.1,2233,88.7,88.79,0,9,0,0.09999999999999432,6.31,108,152,117,146,301,322,291,"-12.7","12.7"
9,666023,"Fermin, Freddy",921,1,1,3,,4,2.002,1.305,0.698,9,9,102.1,28.3,1964,88.2,88.87,0,9,0,0.7000000000000028,6.63,114,151,123,149,297,322,288,"-10.5","10.5"
9,650489,"Castro, Willi",1452,0.6,1,3,,4,2.002,1.315,0.686,9,9,104.7,30.4,2282,88.3,88.61,0,9,0,0.29999999999999716,6.41,107,146,107,150,287,319,295,"-11.6","11.6"
9,543228,"Gomes, Yan",1459,0.6,1,3,,4,2.002,1.392,0.748,9,9,104.1,28.1,2178,89.6,89.86,0,9,0,0.30000000000001137,6.42,104,152,120,147,301,319,290,"-12.1","12.1"
9,663837,"Vierling, Matt",1928,0.5,1,3,,4,2.002,1.633,0.845,9,9,105.1,27.8,2298,88.9,89.13,0,9,0,0.19999999999998863,6.39,106,146,110,140,301,326,296,"-12.2","12.2"
9,660162,"Moncada, Yoán",1289,0.7,1,3,,4,2.002,1.184,0.643,9,9,102.2,27.8,2220,89.4,89.83,0,9,0,0.3999999999999915,6.48,111,148,118,150,291,325,296,"-12.7","12.7"
9,657136,"Wong, Connor",1457,0.6,1,3,,4,2.002,1.236,0.637,9,9,105.2,32.7,2101,87.4,87.54,0,9,0,0.09999999999999432,6.32,111,150,117,148,285,318,290,"-11.6","11.6"
8,543305,"Hicks, Aaron",1218,0.7,1,3,,4,2.002,1.17,0.658,8,8,101.8,26.6,2372,87.3,87.75,0,8,0,0.5,6.51,112,147,115,150,295,321,289,"-14.2","14.2"
8,608596,"Murphy, Tom",593,1.3,1,3,,4,2.002,1.642,0.85,8,8,105.7,29.6,2312,88.4,89,0,8,0,0.5999999999999943,6.61,106,152,122,147,299,324,291,"-9.8","9.8"
8,676475,"Burleson, Alec",1238,0.6,1,3,,4,2.002,1.341,0.721,8,8,103.7,28.1,2265,91.8,92.54,0,8,0,0.7000000000000028,6.6,118,143,111,149,297,327,306,"-9.7","9.7"
8,656716,"McKinstry, Zach",1978,0.4,1,3,,4,2.002,1.087,0.623,8,8,102.3,27.7,2162,88.9,88.94,0,8,0,0,6.29,121,145,108,150,288,327,302,"-9.6","9.6"
8,676914,"Schneider, Davis",525,1.5,1,3,,4,2.002,1.115,0.58,8,8,102.7,33.5,2178,89.5,89.79,0,8,0,0.29999999999999716,6.46,105,152,116,146,294,322,296,"-10.2","10.2"
8,665155,"Maton, Nick",1240,0.6,1,3,,4,2.002,1.32,0.689,8,8,102.8,30.6,2266,91.1,91.76,0,8,0,0.7000000000000028,6.72,118,147,115,149,284,323,295,"-15.8","15.8"
8,518735,"Grandal, Yasmani",1617,0.5,1,3,,4,2.002,1.108,0.639,8,8,102.2,27,2304,91.1,91.69,0,8,0,0.6000000000000085,6.6,110,148,130,151,295,321,295,"-9.1","9.1"
8,671277,"García, Luis",1582,0.5,1,3,,4,2.002,1.247,0.695,8,8,103.2,26.5,2383,92.6,93.1,0,8,0,0.5,6.47,112,149,110,153,293,318,300,"-10.5","10.5"
8,671221,"Waters, Drew",1244,0.6,1,3,,4,2.002,1.584,0.798,8,8,105.4,30.4,2223,90,90.24,0,8,0,0.20000000000000284,6.35,121,146,101,151,293,326,304,"-9.3","9.3"
8,670764,"Walls, Taylor",1324,0.6,1,3,,4,2.002,0.763,0.397,8,8,99.4,33.1,2256,90.1,90.7,0,8,0,0.6000000000000085,6.71,122,149,110,151,292,321,294,"-12.2","12.2"
8,595281,"Kiermaier, Kevin",1388,0.6,1,3,,4,2.002,1.129,0.623,8,8,101.6,28.5,2137,87.5,87.65,0,8,0,0.20000000000000284,6.35,124,148,116,152,284,322,293,"-9.5","9.5"
8,683146,"Baty, Brett",1368,0.6,1,3,,4,2.002,1.727,0.878,8,8,106.2,27.6,2008,89.2,89.56,0,8,0,0.3999999999999915,6.54,123,149,117,153,298,322,305,"-8.1","8.1"
8,680776,"Duran, Jarren",1397,0.6,1,3,,4,2.002,1.209,0.661,8,8,103.2,27,2129,86.7,86.7,0,8,0,0,6.28,99,142,104,150,279,319,307,"-12.1","12.1"
7,678246,"Vargas, Miguel",1204,0.6,1,3,,4,2.002,1.381,0.714,7,7,104,30.1,2223,87.8,87.86,0,7,0,0.10000000000000853,6.43,103,151,118,145,299,321,294,"-9.7","9.7"
7,444482,"Peralta, David",1421,0.5,1,3,,4,2.002,1.606,0.818,7,7,104.8,30.1,2555,85.6,86.24,0,7,0,0.6000000000000085,6.66,113,146,123,149,293,321,304,"-9.6","9.6"
7,678894,"Peguero, Liover",689,1,1,3,,4,2.002,1.182,0.626,7,7,101.4,29.6,2256,86.3,86.9,0,7,0,0.6000000000000085,6.6,109,150,118,148,307,321,286,"-10.1","10.1"
7,669134,"Campusano, Luis",576,1.2,1,3,,4,2.002,1.057,0.617,7,7,101.4,27.4,2283,86.9,86.74,0,7,0,-0.20000000000000284,6.17,106,151,124,148,303,322,292,"-11.7","11.7"
7,668472,"Pratto, Nick",1365,0.5,1,3,,4,2.002,1.399,0.738,7,7,102.3,28.1,2251,87.3,87.73,0,7,0,0.4000000000000057,6.44,118,146,122,152,297,326,305,"-8.7","8.7"
7,453568,"Blackmon, Charlie",1393,0.5,1,3,,4,2.002,1.55,0.787,7,7,104.2,31,2485,86.2,86.71,0,7,0,0.5,6.33,120,148,112,154,302,334,306,"-9.2","9.2"
7,595453,"Wallach, Chad",662,1.1,1,3,,4,2.002,1.538,0.802,7,7,104.6,29,2089,92.2,93.13,0,7,0,0.8999999999999915,6.8,110,153,120,147,310,324,294,"-8.4","8.4"
7,668901,"Vientos, Mark",715,1,1,3,,4,2.002,1.69,0.871,7,7,106,28,2354,89.2,89.3,0,7,0,0.09999999999999432,6.47,108,152,123,147,302,324,288,"-8.4","8.4"
7,607680,"Pillar, Kevin",671,1,1,3,,4,2.002,1.259,0.647,7,7,101.5,31.1,2250,89.6,90.34,0,7,0,0.7000000000000028,6.56,107,153,114,146,302,325,290,"-8.8","8.8"
7,664874,"Zavala, Seby",741,0.9,1,3,,4,2.002,1.034,0.527,7,7,102.4,35.9,2525,87,86.8,0,7,0,-0.20000000000000284,6.31,112,153,123,149,300,325,290,"-8.8","8.8"
7,669743,"Call, Alex",1793,0.4,1,3,,4,2.002,1.342,0.704,7,7,103.5,30.6,2187,92,92.4,0,7,0,0.4000000000000057,6.34,105,151,112,147,307,326,291,"-8.5","8.5"
7,656976,"Smith, Pavin",923,0.8,1,3,,4,2.002,1.447,0.783,7,7,104.5,27.6,2372,91.3,91.83,0,7,0,0.5,6.66,104,141,108,148,290,322,300,"-11.4","11.4"
7,660707,"Montero, Elehuris",1043,0.7,1,3,,4,2.002,0.967,0.573,7,7,102.7,26.6,2266,84.9,85.51,0,7,0,0.5999999999999943,6.43,111,150,121,147,306,330,300,"-9.1","9.1"
7,664238,"Moore, Dylan",613,1.1,1,3,,4,2.002,1.246,0.662,7,7,104,29.6,2200,92.3,92.07,0,7,0,-0.20000000000000284,6.16,109,154,114,148,297,329,290,"-9.8","9.8"
7,672386,"Kirk, Alejandro",1613,0.4,1,3,,4,2.002,1.388,0.802,7,7,104.7,22.9,2299,85.1,84.47,0,7,0,-0.5999999999999943,6.06,103,149,121,146,300,323,284,"-9.8","9.8"
7,672275,"Bailey, Patrick",1317,0.5,1,3,,4,2.002,1.628,0.899,7,7,106.1,24.1,2303,91.3,91.17,0,7,0,-0.09999999999999432,6.19,112,143,114,141,298,316,296,"-10.7","10.7"
7,543063,"Crawford, Brandon",1208,0.6,1,3,,4,2.002,1.478,0.778,7,7,103.3,28.6,2377,90.7,91.3,0,7,0,0.5999999999999943,6.44,116,140,114,145,295,321,301,"-11.8","11.8"
7,643565,"Tauchman, Mike",1539,0.5,1,3,,4,2.002,1.186,0.652,7,7,101.6,28.9,1959,90.1,90.21,0,7,0,0.10000000000000853,6.31,126,148,111,151,289,321,302,"-9","9"
7,664056,"Bader, Harrison",1238,0.6,1,3,,4,2.002,1.435,0.76,7,7,103.2,27,2161,90.5,90.57,0,7,0,0.09999999999999432,6.34,98,146,112,145,298,321,288,"-12.8","12.8"
7,622761,"Mateo, Jorge",1267,0.6,1,3,,4,2.002,1.342,0.714,7,7,103.4,26.6,2177,85.4,85.54,0,7,0,0.09999999999999432,6.4,111,152,112,149,301,326,291,"-9.3","9.3"
7,670097,"Short, Zack",960,0.7,1,3,,4,2.002,1.233,0.657,7,7,102.6,29.3,2329,87.4,87.6,0,7,0,0.19999999999998863,6.44,107,144,110,141,295,328,289,"-10.2","10.2"
7,672515,"Moreno, Gabriel",1376,0.5,1,3,,4,2.002,1.205,0.617,7,7,102.4,32.1,2235,88.3,88.36,0,7,0,0.10000000000000853,6.33,111,147,121,144,299,317,286,"-10.6","10.6"
6,542208,"Pérez, Carlos",700,0.9,1,3,,4,2.002,1.385,0.76,6,6,103.5,26.8,2154,89.4,89.75,0,6,0,0.29999999999999716,6.43,116,153,122,149,304,321,292,"-6.8","6.8"
6,644374,"Chang, Yu",379,1.6,1,3,,4,2.002,1.412,0.729,6,6,105.3,30.2,2174,89.6,89.67,0,6,0,0.10000000000000853,6.32,106,153,115,148,287,322,293,"-8.5","8.5"
6,641856,"McKinney, Billy",611,1,1,3,,4,2.002,1.559,0.783,6,6,106,31.5,2254,92.7,92.85,0,6,0,0.09999999999999432,6.52,125,147,124,150,296,326,289,"-8","8"
6,663616,"Larnach, Trevor",829,0.7,1,3,,4,2.002,1.787,0.913,6,6,107.5,26,2322,91.6,91.85,0,6,0,0.29999999999999716,6.65,104,146,121,152,286,320,298,"-11.4","11.4"
6,572204,"Thompson, Trayce",668,0.9,1,3,,4,2.002,1.786,0.9,6,6,106.8,30.5,2034,88.1,88.78,0,6,0,0.7000000000000028,6.63,106,153,122,147,304,320,298,"-11.5","11.5"
6,596847,"Choi, Ji Man",433,1.4,1,3,,4,2.002,1.708,0.868,6,6,106,28,2210,91.6,91.42,0,6,0,-0.19999999999998863,6.13,118,147,130,154,297,326,300,"-6.4","6.4"
6,462101,"Andrus, Elvis",1493,0.4,1,3,,4,2.002,0.909,0.517,6,6,102.1,29.8,2114,89.6,90.73,0,6,0,1.1000000000000085,6.8,106,151,119,147,298,325,291,"-8.6","8.6"
6,663743,"Fortes, Nick",1059,0.6,1,3,,4,2.002,1.349,0.703,6,6,102.4,28.7,2141,85.6,85.8,0,6,0,0.20000000000000284,6.27,110,153,122,147,302,322,295,"-6.5","6.5"
6,571745,"Haniger, Mitch",881,0.7,1,3,,4,2.002,1.519,0.801,6,6,104.5,28.2,2354,89.6,89.67,0,6,0,0.10000000000000853,6.25,97,154,126,146,302,322,300,"-9.2","9.2"
6,543877,"Vázquez, Christian",1233,0.5,1,3,,4,2.002,0.765,0.435,6,6,99.1,29.8,2321,94.3,94.87,0,6,0,0.6000000000000085,6.55,106,153,123,149,303,322,285,"-8.5","8.5"
6,607054,"Peterson, Jace",1653,0.4,1,3,,4,2.002,1.235,0.645,6,6,102.5,28.5,2088,91.9,91.87,0,6,0,0,6.2,112,147,112,151,290,322,297,"-8.5","8.5"
6,666801,"Castro, Rodolfo",963,0.6,1,3,,4,2.002,1.625,0.851,6,6,105.4,28.8,2154,90.4,90.25,0,6,0,-0.10000000000000853,6.13,112,149,114,146,309,321,295,"-7.8","7.8"
6,642708,"Rosario, Amed",1921,0.3,1,3,,4,2.002,0.866,0.537,6,6,100.5,24.8,2224,88.2,88.57,0,6,0,0.3999999999999915,6.32,106,151,116,147,298,322,289,"-8.1","8.1"
6,686527,"Canzone, Dominic",571,1.1,1,3,,4,2.002,1.381,0.722,6,6,105.7,30.7,2189,91.7,92.07,0,6,0,0.3999999999999915,6.43,101,142,106,151,295,324,301,"-9.4","9.4"
6,643396,"Kiner-Falefa, Isiah",1393,0.4,1,3,,4,2.002,0.86,0.479,6,6,99.7,30,2133,90.8,90.9,0,6,0,0.10000000000000853,6.3,110,149,121,146,301,326,277,"-7.3","7.3"
6,667452,"Julks, Corey",1326,0.5,1,3,,4,2.002,1.593,0.854,6,6,105.9,24.8,2334,91.2,91.4,0,6,0,0.20000000000000284,6.45,108,151,119,146,292,326,293,"-8.4","8.4"
6,668930,"Turang, Brice",1697,0.4,1,3,,4,2.002,1.341,0.733,6,6,103.2,27.8,2119,87.2,87.83,0,6,0,0.5999999999999943,6.58,118,145,102,150,284,321,297,"-12","12"
6,672695,"Perdomo, Geraldo",1928,0.3,1,3,,4,2.002,0.76,0.465,6,6,99.9,27.7,2145,90.6,91.28,0,6,0,0.7000000000000028,6.6,118,147,106,152,293,321,300,"-8.4","8.4"
6,614173,"Cordero, Franchy",250,2.4,1,3,,4,2.002,1.292,0.692,6,6,102.9,26.3,2358,88.5,89.12,0,6,0,0.5999999999999943,6.53,124,147,118,153,300,326,294,"-9.6","9.6"
6,605170,"Caratini, Victor",750,0.8,1,3,,4,2.002,1.559,0.832,6,6,105.2,27,2214,91.5,92.35,0,6,0,0.9000000000000057,6.77,112,145,119,152,289,318,301,"-7.2","7.2"
6,500871,"Escobar, Eduardo",1161,0.5,1,3,,4,2.002,0.866,0.446,6,6,101.4,34.8,2247,91,91.47,0,6,0,0.5,6.62,105,149,119,146,296,321,295,"-8.7","8.7"
6,543510,"McCann, James",789,0.8,1,3,,4,2.002,1.537,0.797,6,6,104,29.8,2123,88,88.35,0,6,0,0.29999999999999716,6.57,114,152,119,148,301,321,286,"-6.3","6.3"
5,650907,"Pinto, René",319,1.6,1,3,,4,2.002,1.43,0.782,5,5,104.9,26.8,2222,90.4,90.18,0,5,0,-0.20000000000000284,6.28,115,150,118,147,304,329,298,"-7.4","7.4"
5,596103,"Slater, Austin",752,0.7,1,3,,4,2.002,1.777,0.919,5,5,106.6,27,2321,85.5,85.28,0,5,0,-0.20000000000000284,6.12,108,151,122,148,295,321,284,"-7.2","7.2"
5,572761,"Carpenter, Matt",1014,0.5,1,3,,4,2.002,1.487,0.788,5,5,103.8,26,2254,92.5,92.72,0,5,0,0.20000000000000284,6.62,117,146,118,153,300,324,297,"-7","7"
5,656413,"Fairchild, Stuart",912,0.5,1,3,,4,2.002,1.371,0.749,5,5,103.3,27,2202,88.1,88.68,0,5,0,0.6000000000000085,6.4,103,151,111,146,295,319,289,"-6.3","6.3"
5,643217,"Benintendi, Andrew",2256,0.2,1,3,,4,2.002,0.801,0.448,5,5,99.4,29.2,2132,90.8,91.44,0,5,0,0.6000000000000085,6.64,125,147,119,153,281,322,301,"-5.1","5.1"
5,666185,"Carlson, Dylan",1047,0.5,1,3,,4,2.002,1.377,0.715,5,5,103.4,30.4,2354,90,90.44,0,5,0,0.4000000000000057,6.74,105,147,110,145,301,334,310,"-7.8","7.8"
5,665828,"Cabrera, Oswaldo",1089,0.5,1,3,,4,2.002,0.555,0.307,5,5,96.5,32.4,2333,87.3,87.94,0,5,0,0.6000000000000085,6.7,107,141,122,143,302,313,288,"-6.2","6.2"
5,542583,"Aguilar, Jesús",448,1.1,1,3,,4,2.002,1.28,0.695,5,5,103.8,28.2,2151,87.7,87.52,0,5,0,-0.20000000000000284,6.22,112,152,124,149,307,328,294,"-7.6","7.6"
5,681584,"Villar, David",544,0.9,1,3,,4,2.002,1.301,0.686,5,5,102.6,29.4,2362,89.5,89.74,0,5,0,0.20000000000000284,6.44,114,151,112,147,299,317,292,"-6.5","6.5"
5,693049,"Colás, Oscar",933,0.5,1,3,,4,2.002,1.5,0.79,5,5,106.8,25.2,2223,87.8,88.56,0,5,0,0.7999999999999972,6.58,109,145,104,152,291,319,299,"-6.3","6.3"
5,571912,"Maile, Luke",714,0.7,1,3,,4,2.002,1.577,0.81,5,5,103.8,29.2,2277,89.1,89.76,0,5,0,0.7000000000000028,6.52,104,149,122,147,297,322,283,"-7.9","7.9"
5,665839,"Valdez, Enmanuel",514,1,1,3,,4,2.002,1.195,0.625,5,5,101.9,30.2,2339,84.4,84.18,0,5,0,-0.20000000000000284,6.26,105,139,111,146,275,318,300,"-7.4","7.4"
5,665804,"Amaya, Miguel",590,0.8,1,3,,4,2.002,1.251,0.674,5,5,101.9,27.8,2112,82.1,82.24,0,5,0,0.10000000000000853,6.28,107,153,123,149,296,322,296,"-7.4","7.4"
5,672820,"Sosa, Lenyn",547,0.9,1,3,,4,2.002,0.921,0.49,5,5,100.5,30.8,2288,90,90.96,0,5,0,1,6.56,111,151,114,149,299,326,293,"-7.4","7.4"
5,595909,"Cave, Jake",718,0.7,1,3,,4,2.002,1.659,0.863,5,5,104.7,26.4,2100,90.6,90.42,0,5,0,-0.19999999999998863,6.26,115,146,127,152,288,319,303,"-6.5","6.5"
5,680911,"Miller, Owen",1192,0.4,1,3,,4,2.002,1.325,0.726,5,5,103.9,28.2,2161,87.7,87.6,0,5,0,-0.10000000000000853,6.18,113,153,122,147,298,319,278,"-6.1","6.1"
5,686823,"Brennan, Will",1537,0.3,1,3,,4,2.002,1.194,0.7,5,5,102.6,24.6,2598,85.7,85.58,0,5,0,-0.10000000000000853,6.26,116,148,108,153,285,316,294,"-5.6","5.6"
5,643393,"Kemp, Tony",1465,0.3,1,3,,4,2.002,0.807,0.448,5,5,98.7,28.2,2390,89.2,89.52,0,5,0,0.29999999999999716,6.36,106,146,90,151,283,321,296,"-5","5"
5,443558,"Cruz, Nelson",566,0.9,1,3,,4,2.002,1.39,0.726,5,5,104.8,26.2,2131,89.7,89.96,0,5,0,0.29999999999999716,6.52,106,152,123,148,315,320,291,"-6","6"
5,594777,"Calhoun, Kole",602,0.8,1,3,,4,2.002,1.34,0.675,5,5,103,32.4,2175,88.9,89.86,0,5,0,1,6.66,117,147,131,153,291,320,295,"-8.7","8.7"
5,456781,"Solano, Donovan",1668,0.3,1,3,,4,2.002,1.306,0.701,5,5,102.5,28.6,2248,87.2,87.3,0,5,0,0.09999999999999432,6.32,110,151,123,146,305,320,285,"-7.4","7.4"
5,675656,"Smith, Kevin",477,1,1,3,,4,2.002,1.25,0.657,5,5,102.6,29.2,2267,87.7,87.62,0,5,0,-0.10000000000000853,6.24,107,152,109,148,300,322,292,"-7","7"
5,500743,"Rojas, Miguel",1388,0.4,1,3,,4,2.002,0.838,0.542,5,5,100.7,24.2,2201,92.6,92.52,0,5,0,-0.09999999999999432,6.26,108,152,117,147,301,317,293,"-5.8","5.8"
5,680700,"Palacios, Richie",264,1.9,1,3,,4,2.002,1.032,0.537,5,5,100.9,30.6,2275,88.7,89.24,0,5,0,0.5,6.62,122,148,110,153,283,315,303,"-5.1","5.1"
5,572041,"Pollock, AJ",557,0.9,1,3,,4,2.002,1.241,0.714,5,5,103.2,24.8,2370,87.3,87.34,0,5,0,0,6.2,99,153,120,145,301,324,293,"-7.3","7.3"
5,641432,"Calhoun, Willie",562,0.9,1,3,,4,2.002,0.827,0.545,5,5,101,23.4,2282,88.8,89.08,0,5,0,0.29999999999999716,6.54,110,147,124,152,301,326,285,"-6.6","6.6"
5,642336,"Mejía, Francisco",577,0.9,1,3,,4,2.002,0.956,0.548,5,5,100.1,28.2,2224,89.1,89.58,0,5,0,0.5,6.56,122,147,128,152,292,331,297,"-7.6","7.6"
5,516782,"Marte, Starling",1269,0.4,1,3,,4,2.002,1.78,0.906,5,5,105.7,27.4,2068,87.6,87.98,0,5,0,0.4000000000000057,6.6,103,148,100,147,297,320,287,"-7.3","7.3"
5,664728,"Isbel, Kyle",1055,0.5,1,3,,4,2.002,1.167,0.704,5,5,103.5,24.8,2267,93.8,94.52,0,5,0,0.7000000000000028,6.6,118,146,110,151,293,322,297,"-5.6","5.6"
5,680779,"Davis, Henry",896,0.6,1,3,,4,2.002,1.392,0.76,5,5,104.1,25.6,2292,90.5,90.9,0,5,0,0.4000000000000057,6.56,112,153,121,149,310,323,293,"-5.7","5.7"
5,669701,"Smith, Josh H.",967,0.5,1,3,,4,2.002,1.689,0.867,5,5,105.2,26.6,2179,86,84.92,0,5,0,-1.0999999999999943,5.6,110,148,116,151,293,328,300,"-5.8","5.8"
5,680757,"Kwan, Steven",2673,0.2,1,3,,4,2.002,0.857,0.49,5,5,99.1,26.8,2175,90.4,90.68,0,5,0,0.29999999999999716,6.46,124,149,115,153,285,311,293,"-5.1","5.1"
4,545121,"Vargas, Ildemaro",931,0.4,1,3,,4,2.002,1.529,0.858,4,4,104.6,23.8,2257,92.5,92.75,0,4,0,0.3999999999999915,6.42,96,145,118,145,299,321,290,"-7.8","7.8"
4,676609,"Caballero, José",1101,0.4,1,3,,4,2.002,1.472,0.801,4,4,104.9,24.3,2071,92.9,93.38,0,4,0,0.5,6.55,112,150,110,146,308,318,292,"-5.9","5.9"
4,543939,"Wong, Kolten",928,0.4,1,3,,4,2.002,0.666,0.345,4,4,98.3,33.8,2790,85.1,84.55,0,4,0,-0.5999999999999943,5.97,115,148,113,154,291,321,303,"-6.7","6.7"
4,671732,"Butler, Lawrence",400,1,1,3,,4,2.002,1.932,0.987,4,4,109.6,25.3,2313,87.3,87.88,0,4,0,0.6000000000000085,6.53,107,144,104,150,290,317,304,"-5.9","5.9"
4,669397,"Allen, Nick",1036,0.4,1,3,,4,2.002,0.799,0.435,4,4,98.1,29.8,2311,87.6,87.38,0,4,0,-0.19999999999998863,6.17,110,152,101,149,298,314,291,"-4.8","4.8"
4,665019,"Clemens, Kody",609,0.7,1,3,,4,2.002,0.959,0.507,4,4,101.1,34.3,2260,91.4,91.5,0,4,0,0.09999999999999432,6.45,110,148,120,153,283,321,294,"-5.6","5.6"
4,602104,"Urías, Ramón",1394,0.3,1,3,,4,2.002,1.266,0.66,4,4,103.9,30.8,2368,91.4,91.58,0,4,0,0.29999999999999716,6.38,98,152,120,147,298,320,293,"-5.1","5.1"
4,605361,"Martini, Nick",267,1.5,1,3,,4,2.002,0.932,0.516,4,4,101.2,30.8,2369,90,90.05,0,4,0,0,6.35,120,146,119,151,291,318,295,"-7","7"
4,493329,"Gurriel, Yuli",1156,0.3,1,3,,4,2.002,0.757,0.457,4,4,98.4,25,2256,88.4,88.92,0,4,0,0.5,6.58,117,152,120,148,305,323,285,"-5.1","5.1"
4,641820,"Mancini, Trey",1050,0.4,1,3,,4,2.002,1.482,0.775,4,4,104.9,27.5,1889,87.8,87.42,0,4,0,-0.3999999999999915,6.15,101,150,121,145,298,322,293,"-5.5","5.5"
4,606992,"Haase, Eric",1118,0.4,1,3,,4,2.002,1.078,0.625,4,4,101.7,26.3,2207,89.1,89.75,0,4,0,0.7000000000000028,6.55,117,152,124,147,291,324,291,"-5.3","5.3"
4,670712,"Brosseau, Mike",298,1.3,1,3,,4,2.002,1.349,0.696,4,4,102.3,29,2292,90.1,90.17,0,4,0,0.10000000000000853,6.38,116,153,116,147,300,320,287,"-4","4"
4,691176,"Domínguez, Jasson",120,3.3,1,3,,4,2.002,0.878,0.569,4,4,102.6,25.8,2423,89.4,88.67,0,4,0,-0.5999999999999943,6,106,147,135,153,292,331,298,"-6.3","6.3"
4,672580,"Garcia, Maikel",1862,0.2,1,3,,4,2.002,1.115,0.641,4,4,102,25,2324,87.6,87.9,0,4,0,0.4000000000000057,6.38,106,150,118,150,304,328,290,"-4.9","4.9"
4,649557,"Díaz, Aledmys",1127,0.4,1,3,,4,2.002,1.079,0.627,4,4,101.4,25.3,1999,90,90.33,0,4,0,0.29999999999999716,6.53,116,153,123,149,305,325,288,"-3.9","3.9"
4,596059,"Odor, Rougned",585,0.7,1,3,,4,2.002,1.337,0.727,4,4,102.2,27.3,2229,88.6,89.38,0,4,0,0.9000000000000057,6.8,109,144,107,153,292,331,306,"-7.1","7.1"
4,669911,"Toglia, Michael",580,0.7,1,3,,4,2.002,0.888,0.469,4,4,101.7,32.3,2238,93.1,93.85,0,4,0,0.7000000000000028,6.45,125,148,117,154,292,333,308,"-4","4"
4,665923,"Ruiz, Esteury",1649,0.2,1,3,,4,2.002,1.063,0.557,4,4,100.7,30.5,2164,89.1,89,0,4,0,-0.09999999999999432,6.38,108,153,103,147,297,314,289,"-5.4","5.4"
4,656896,"Rivera, Emmanuel",1076,0.4,1,3,,4,2.002,1.03,0.611,4,4,100.9,26.3,2266,87.8,88.38,0,4,0,0.6000000000000085,6.65,116,154,126,148,314,326,299,"-3.7","3.7"
4,624431,"Trevino, Jose",614,0.7,1,3,,4,2.002,0.78,0.468,4,4,98.8,26.3,2094,87.8,88.03,0,4,0,0.20000000000000284,6.22,107,151,119,147,305,325,284,"-4.8","4.8"
4,656180,"Adams, Riley",567,0.7,1,3,,4,2.002,1.274,0.649,4,4,105.2,33.8,2128,85.2,85.6,0,4,0,0.3999999999999915,6.53,116,153,122,147,308,320,288,"-6.4","6.4"
4,681807,"Fry, David",406,1,1,3,,4,2.002,1.414,0.744,4,4,103.4,29.3,2228,91,91.38,0,4,0,0.4000000000000057,6.55,117,149,122,148,288,320,287,"-6.9","6.9"
4,609280,"Andujar, Miguel",239,1.7,1,3,,4,2.002,1.257,0.714,4,4,103.8,26.5,2248,91.2,91.58,0,4,0,0.3999999999999915,6.35,114,153,122,148,310,318,296,"-5.5","5.5"
3,691016,"Soderstrom, Tyler",460,0.7,1,3,,4,2.002,1.767,0.914,3,3,106.1,25.7,2278,85.3,85.23,0,3,0,-0.09999999999999432,6.23,128,150,127,154,301,327,303,"-3","3"
3,687799,"Marlowe, Cade",431,0.7,1,3,,4,2.002,1.057,0.552,3,3,101.4,32.3,2094,92.7,93.4,0,3,0,0.7000000000000028,6.67,122,144,132,153,289,324,292,"-5.9","5.9"
3,516416,"Segura, Jean",1246,0.2,1,3,,4,2.002,1.599,0.835,3,3,106.1,24.7,2341,88,89.07,0,3,0,1.0999999999999943,6.83,114,153,123,149,301,321,285,"-3.2","3.2"
3,571976,"Myers, Wil",550,0.5,1,3,,4,2.002,1.237,0.631,3,3,102.1,31.3,2417,91.3,91.43,0,3,0,0.10000000000000853,6.23,114,152,122,149,293,320,292,"-4.4","4.4"
3,649966,"Urías, Luis",741,0.4,1,3,,4,2.002,1.476,0.757,3,3,103.5,29.3,2384,92.2,93.43,0,3,0,1.2000000000000028,7.03,106,150,117,148,294,325,284,"-7","7"
3,656541,"Hilliard, Sam",312,1,1,3,,4,2.002,1.941,0.983,3,3,110.5,23.7,2369,88.1,88.57,0,3,0,0.5,6.53,105,146,125,149,308,328,305,"-3.8","3.8"
3,669304,"Miranda, Jose",545,0.6,1,3,,4,2.002,1.228,0.687,3,3,102.2,27,2368,89.6,89.3,0,3,0,-0.29999999999999716,6.3,104,153,121,149,294,325,283,"-3.7","3.7"
3,686217,"Frelick, Sal",760,0.4,1,3,,4,2.002,0.7,0.392,3,3,99.5,33,2193,94.7,94.67,0,3,0,0,6.13,124,149,125,152,282,310,291,"-6.3","6.3"
3,572287,"Zunino, Mike",606,0.5,1,3,,4,2.002,0.781,0.389,3,3,105.2,40.3,2206,92.7,93.27,0,3,0,0.5999999999999943,6.67,113,153,121,146,289,319,282,"-5.5","5.5"
3,621028,"Newman, Kevin",912,0.3,1,3,,4,2.002,1.071,0.572,3,3,102.1,30,2124,90.7,90.77,0,3,0,0.09999999999999432,6.5,106,152,121,147,297,321,288,"-3.7","3.7"
3,606132,"Tapia, Raimel",610,0.5,1,3,,4,2.002,0.997,0.542,3,3,101.1,31.3,2399,84.7,84.63,0,3,0,-0.10000000000000853,6.3,121,148,121,149,295,322,299,"-3.6","3.6"
3,542932,"Berti, Jon",1442,0.2,1,3,,4,2.002,1.377,0.802,3,3,103.6,24.7,2089,84,84.53,0,3,0,0.5,6.63,114,152,117,150,300,311,282,"-2.9","2.9"
3,669003,"Mitchell, Garrett",237,1.3,1,3,,4,2.002,0.703,0.418,3,3,101.8,29.3,2489,88.9,89.03,0,3,0,0.09999999999999432,6.37,126,148,134,153,290,324,299,"-2.9","2.9"
3,676059,"Westburg, Jordan",759,0.4,1,3,,4,2.002,1.492,0.813,3,3,104.9,24.3,2287,90.1,90.3,0,3,0,0.20000000000000284,6.43,105,149,103,146,294,321,286,"-3.7","3.7"
3,655316,"Monasterio, Andruw",1270,0.2,1,3,,4,2.002,0.925,0.561,3,3,100.9,28.3,2117,88.6,89.23,0,3,0,0.6000000000000085,6.77,115,147,127,148,299,318,289,"-4.6","4.6"
3,541645,"García, Avisaíl",436,0.7,1,3,,4,2.002,1.701,0.85,3,3,107.9,30,2364,87.4,87,0,3,0,-0.4000000000000057,6.1,115,153,129,148,314,318,288,"-4.6","4.6"
3,670223,"Mervis, Matt",405,0.7,1,3,,4,2.002,1.669,0.879,3,3,107.8,24.7,2060,87.8,87.93,0,3,0,0.10000000000000853,6.3,109,148,120,153,293,324,294,"-3.9","3.9"
3,668942,"Rojas, Josh",1230,0.2,1,3,,4,2.002,0.917,0.522,3,3,99,27.3,2219,87,88.1,0,3,0,1.0999999999999943,6.93,109,147,110,151,289,321,295,"-4.5","4.5"
3,593643,"Alberto, Hanser",273,1.1,1,3,,4,2.002,0.403,0.246,3,3,95.5,30.7,2549,85.6,85.23,0,3,0,-0.3999999999999915,5.83,94,148,110,142,297,321,290,"-4.8","4.8"
3,672779,"Marcano, Tucupita",730,0.4,1,3,,4,2.002,1.24,0.679,3,3,104.3,29,2008,89.1,89.03,0,3,0,-0.09999999999999432,6.27,121,149,106,152,282,315,299,"-5.4","5.4"
3,624414,"Arroyo, Christian",734,0.4,1,3,,4,2.002,1.116,0.608,3,3,101.4,29.3,1930,86.8,88.73,0,3,0,1.9000000000000057,7.2,117,153,124,148,286,328,290,"-3","3"
3,607732,"Stallings, Jacob",1005,0.3,1,3,,4,2.002,1.091,0.662,3,3,103.2,27,2256,92.1,92.37,0,3,0,0.30000000000001137,6.47,105,153,124,150,302,319,284,"-3.9","3.9"
3,613564,"Vosler, Jason",282,1.1,1,3,,4,2.002,1.286,0.659,3,3,103.7,31,2145,87.7,87.77,0,3,0,0.09999999999999432,6.4,125,148,112,153,294,322,297,"-4.6","4.6"
3,666211,"Trammell, Taylor",239,1.3,1,3,,4,2.002,1.111,0.599,3,3,103.1,28.3,2017,89.3,90.13,0,3,0,0.7999999999999972,6.87,111,146,110,153,286,320,296,"-6.7","6.7"
3,669087,"Huff, Sam",159,1.9,1,3,,4,2.002,1.847,0.934,3,3,107.9,27.7,2341,86.2,86.57,0,3,0,0.3999999999999915,6.5,107,142,113,135,298,330,289,"-3.3","3.3"
3,641658,"Hampson, Garrett",855,0.4,1,3,,4,2.002,0.778,0.451,3,3,100.5,29,2279,90.6,91.3,0,3,0,0.7000000000000028,6.77,111,148,118,149,313,321,281,"-3.5","3.5"
3,663845,"Rivas, Alfonso",505,0.6,1,3,,4,2.002,1.407,0.76,3,3,104,27.7,2158,86.6,86.27,0,3,0,-0.29999999999999716,6.03,120,149,129,152,303,327,305,"-4.5","4.5"
3,660620,"Araúz, Jonathan",273,1.1,1,3,,4,2.002,1.114,0.607,3,3,101.5,30,1951,88.1,87.87,0,3,0,-0.19999999999998863,6.27,125,145,117,153,286,312,293,"-5.3","5.3"
3,676701,"Trejo, Alan",815,0.4,1,3,,4,2.002,0.768,0.441,3,3,99.3,31.3,2028,88.7,89.23,0,3,0,0.5,6.33,103,154,125,149,314,334,299,"-3.9","3.9"
3,666198,"Kieboom, Carter",268,1.1,1,3,,4,2.002,1.419,0.73,3,3,102.7,28,2130,88.2,88.2,0,3,0,0,6.33,95,151,121,147,300,322,277,"-4.5","4.5"
3,621433,"Phillips, Brett",270,1.1,1,3,,4,2.002,1.254,0.653,3,3,102.6,31.3,2241,95.9,95.7,0,3,0,-0.20000000000000284,6.17,120,147,120,152,300,333,309,"-3","3"
3,665120,"Walsh, Jared",383,0.8,1,3,,4,2.002,1.539,0.832,3,3,107.1,29,2103,92.4,93,0,3,0,0.5999999999999943,6.57,113,144,135,151,292,324,305,"-3.5","3.5"
3,669477,"Schmitt, Casey",942,0.3,1,3,,4,2.002,1.908,0.951,3,3,107.7,30,1815,83.9,84.53,0,3,0,0.5999999999999943,6.8,107,151,114,143,307,322,294,"-3.6","3.6"
3,408234,"Cabrera, Miguel",1258,0.2,1,3,,4,2.002,1.76,0.882,3,3,103.6,29.3,2437,88.9,90.27,0,3,0,1.3999999999999915,7.13,96,151,120,147,300,332,292,"-5.7","5.7"
3,622534,"Margot, Manuel",1100,0.3,1,3,,4,2.002,1.375,0.781,3,3,104,24.7,2332,90.3,90.4,0,3,0,0.10000000000000853,6.43,114,152,114,150,307,326,292,"-2.9","2.9"
3,663853,"Gonzalez, Romy",363,0.8,1,3,,4,2.002,1.894,0.957,3,3,107,27.3,2259,90.3,90.03,0,3,0,-0.29999999999999716,6.03,114,152,118,148,311,324,289,"-2.9","2.9"
2,671289,"Freeman, Tyler",562,0.4,1,3,,4,2.002,0.728,0.432,2,2,98.7,26.5,2362,78.8,78.5,0,2,0,-0.29999999999999716,6.45,105,152,117,147,295,304,273,"-1.9","1.9"
2,572138,"Singleton, Jon",407,0.5,1,3,,4,2.002,1.737,0.846,2,2,108.5,36.5,2031,91.3,90.1,0,2,0,-1.2000000000000028,5.7,104,148,112,150,285,332,305,"-3.1","3.1"
2,596115,"Story, Trevor",507,0.4,1,3,,4,2.002,1.101,0.613,2,2,100.5,26.5,2189,93.5,94.35,0,2,0,0.7999999999999972,6.65,99,153,127,148,284,321,298,"-4.1","4.1"
2,666163,"Rortvedt, Ben",295,0.7,1,3,,4,2.002,1.218,0.703,2,2,102.8,24,2344,85.8,85.05,0,2,0,-0.7000000000000028,5.85,127,146,105,152,295,323,296,"-2","2"
2,666150,"Fletcher, Dominic",380,0.5,1,3,,4,2.002,1.149,0.637,2,2,101.8,27,2433,84.2,84.15,0,2,0,0,6.3,119,146,114,150,289,328,315,"-4.1","4.1"
2,694497,"Carter, Evan",202,1,1,3,,4,2.002,1.3,0.764,2,2,103.8,26,2413,83.6,83.9,0,2,0,0.4000000000000057,6.55,102,145,113,152,286,331,290,"-2.7","2.7"
2,682848,"Rodríguez, Endy",669,0.3,1,3,,4,2.002,1.696,0.873,2,2,105.7,28,2345,89.8,89.65,0,2,0,-0.09999999999999432,6.25,124,149,124,152,294,324,305,"-1.8","1.8"
2,605131,"Barnes, Austin",727,0.3,1,3,,4,2.002,0.806,0.538,2,2,101.3,23,2368,88.4,88.8,0,2,0,0.5,6.55,102,151,118,144,301,319,294,"-2.7","2.7"
2,664983,"McCarthy, Jake",1080,0.2,1,3,,4,2.002,1.236,0.65,2,2,101.1,28.5,2391,84.6,85.4,0,2,0,0.8000000000000114,6.75,117,148,106,150,283,321,304,"-2","2"
2,571875,"Lamb, Jake",237,0.8,1,3,,4,2.002,1.25,0.678,2,2,102.4,28.5,2286,80.9,80.3,0,2,0,-0.5,6.05,130,149,123,153,301,318,303,"-2","2"
2,543281,"Harrison, Josh",392,0.5,1,3,,4,2.002,1.207,0.746,2,2,103.1,23.5,2069,92.1,92.3,0,2,0,0.29999999999999716,6.25,103,150,101,151,293,315,280,"-2.8","2.8"
2,614177,"Reyes, Franmil",293,0.7,1,3,,4,2.002,1.661,0.93,2,2,111.2,22,2302,90.7,91.3,0,2,0,0.5999999999999943,6.65,115,154,129,147,319,329,309,"-1.8","1.8"
2,677008,"Kjerstad, Heston",63,3.2,1,3,,4,2.002,0.765,0.394,2,2,99.8,33,2292,91.4,91,0,2,0,-0.29999999999999716,6.25,119,148,112,154,291,337,302,"-2","2"
2,683737,"Busch, Michael",352,0.6,1,3,,4,2.002,1.307,0.657,2,2,103.2,28.5,2202,80,81.1,0,2,0,1.0999999999999943,7.25,123,147,116,153,291,316,304,"-2","2"
2,664058,"Fletcher, David",209,1,1,3,,4,2.002,0.391,0.25,2,2,95.4,28,2074,83.5,83.1,0,2,0,-0.4000000000000057,6.05,119,151,110,148,292,315,292,"-3.1","3.1"
2,621563,"Wendle, Joey",1149,0.2,1,3,,4,2.002,0.871,0.495,2,2,101.3,30,2655,90.8,90.75,0,2,0,0,6.2,125,150,120,154,289,318,297,"-2.4","2.4"
2,570482,"Urshela, Gio",881,0.2,1,3,,4,2.002,1.131,0.624,2,2,100.1,28.5,2247,88.4,88.85,0,2,0,0.5,6.55,114,154,124,149,303,322,293,"-4.3","4.3"
2,679032,"Rojas, Johan",456,0.4,1,3,,4,2.002,0.659,0.414,2,2,97.8,26.5,1807,70.5,70.2,0,2,0,-0.29999999999999716,5.75,99,154,109,145,311,326,297,"-3.8","3.8"
2,660757,"Gonzalez, Oscar",667,0.3,1,3,,4,2.002,1.212,0.599,2,2,102.7,33,2503,84,84.75,0,2,0,0.8999999999999915,6.8,118,154,122,147,303,327,282,"-2.6","2.6"
2,641531,"Dozier, Hunter",344,0.6,1,3,,4,2.002,1.272,0.693,2,2,103.3,28.5,2251,92.3,92.65,0,2,0,0.4000000000000057,6.8,116,154,121,148,297,332,295,"-2","2"
2,623205,"Velazquez, Andrew",345,0.6,1,3,,4,2.002,1.186,0.664,2,2,100.8,27.5,2615,87.8,87.3,0,2,0,-0.5,6.3,119,150,125,155,276,325,297,"-2.1","2.1"
2,676480,"Barrero, Jose",584,0.3,1,3,,4,2.002,1.982,0.984,2,2,107.6,28.5,2165,92.4,93.3,0,2,0,0.8999999999999915,6.95,107,149,120,144,304,326,296,"-4","4"
2,663368,"Perkins, Blake",627,0.3,1,3,,4,2.002,0.792,0.44,2,2,97.7,29.5,2209,88.3,87.6,0,2,0,-0.7000000000000028,5.75,100,138,109,146,291,316,289,"-3.8","3.8"
2,693304,"Gonzales, Nick",433,0.5,1,3,,4,2.002,1.86,0.927,2,2,104.8,30,2337,91.8,92.45,0,2,0,0.6000000000000085,6.45,116,147,119,148,307,317,292,"-2.4","2.4"
2,665506,"Pache, Cristian",265,0.8,1,3,,4,2.002,1.691,0.869,2,2,104,28,2380,86.4,86.55,0,2,0,0.20000000000000284,6.9,96,148,119,144,292,318,288,"-3.4","3.4"
2,647351,"Toro, Abraham",69,2.9,1,3,,4,2.002,1.407,0.83,2,2,104.5,23.5,1902,88.4,88.9,0,2,0,0.5,6.8,106,142,120,151,294,329,291,"-3.7","3.7"
2,656308,"Chavis, Michael",375,0.5,1,3,,4,2.002,0.892,0.526,2,2,100.2,25.5,1926,82.6,82.75,0,2,0,0.29999999999999716,6.4,117,153,122,147,293,319,281,"-2.1","2.1"
2,678009,"Meadows, Parker",422,0.5,1,3,,4,2.002,0.851,0.493,2,2,103,30,2791,88,88.15,0,2,0,0.20000000000000284,6.5,124,148,112,155,297,318,295,"-3.5","3.5"
2,678225,"Bae, Ji Hwan",1391,0.1,1,3,,4,2.002,1.458,0.77,2,2,103.2,26.5,2227,91.7,92.25,0,2,0,0.5999999999999943,6.7,103,143,105,144,281,306,288,"-4.3","4.3"
2,682641,"Matos, Luis",842,0.2,1,3,,4,2.002,1.319,0.73,2,2,101.9,26,2233,92.4,92.6,0,2,0,0.29999999999999716,6.35,104,152,116,145,309,320,295,"-2.5","2.5"
2,678882,"Rafaela, Ceddanne",244,0.8,1,3,,4,2.002,0.661,0.336,2,2,97.5,38,2312,94.6,94.6,0,2,0,0,6.35,112,153,109,149,287,320,296,"-2","2"
2,656403,"Ellis, Drew",128,1.6,1,3,,4,2.002,1.522,0.802,2,2,103.7,27,2107,91.7,92.55,0,2,0,0.8999999999999915,6.5,103,152,120,145,311,333,304,"-2.9","2.9"
2,676946,"Batten, Matthew",392,0.5,1,3,,4,2.002,0.607,0.386,2,2,98.1,26.5,1868,83.5,84.25,0,2,0,0.7999999999999972,6.9,99,148,117,146,297,323,291,"-2.9","2.9"
2,624503,"Gordon, Nick",309,0.6,1,3,,4,2.002,1.233,0.615,2,2,101.5,30.5,2469,89.6,89.25,0,2,0,-0.29999999999999716,6.15,123,149,92,152,287,320,302,"-1.8","1.8"
2,669707,"Triolo, Jared",631,0.3,1,3,,4,2.002,1.397,0.849,2,2,106.7,21.5,1787,90.6,91.1,0,2,0,0.5,6.45,116,150,121,147,309,323,293,"-3.3","3.3"
2,663611,"Madrigal, Nick",1065,0.2,1,3,,4,2.002,0.438,0.273,2,2,96.4,31.5,2349,87.8,87.65,0,2,0,-0.09999999999999432,6.25,110,153,114,147,302,314,291,"-2","2"
2,680118,"Blanco, Dairon",484,0.4,1,3,,4,2.002,1.044,0.573,2,2,100.2,27,2253,82.8,82.95,0,2,0,0.20000000000000284,6.6,109,152,108,148,296,318,282,"-2","2"
2,669289,"Espinal, Santiago",957,0.2,1,3,,4,2.002,0.752,0.374,2,2,100,34,2342,86,85.85,0,2,0,-0.20000000000000284,6.55,100,154,119,145,295,325,287,"-2.4","2.4"
2,641505,"Davis, Jonathan",419,0.5,1,3,,4,2.002,1.207,0.637,2,2,101,29.5,2347,91.5,92.65,0,2,0,1.2000000000000028,6.75,107,152,107,149,305,319,295,"-1.9","1.9"
2,543685,"Rendon, Anthony",762,0.3,1,3,,4,2.002,1.619,0.848,2,2,104.9,29.5,2281,92.1,92.05,0,2,0,0,6.4,119,150,120,145,315,324,302,"-3.3","3.3"
2,666703,"Rosario, Eguy",106,1.9,1,3,,4,2.002,1.461,0.81,2,2,104.8,26,2251,90.7,89.95,0,2,0,-0.7000000000000028,5.95,112,154,114,150,293,329,296,"-2","2"
2,622569,"Reyes, Pablo",654,0.3,1,3,,4,2.002,1.692,0.924,2,2,106.2,23.5,2312,97.3,98,0,2,0,0.7000000000000028,6.65,95,149,108,145,293,317,295,"-4.9","4.9"
2,663630,"McKenna, Ryan",515,0.4,1,3,,4,2.002,1.146,0.699,2,2,103.4,27,2326,92.6,92.45,0,2,0,-0.09999999999999432,6.25,101,148,116,144,300,317,271,"-3.4","3.4"
2,572816,"Dickerson, Corey",546,0.4,1,3,,4,2.002,1.357,0.726,2,2,103.6,25,2244,94.3,95.35,0,2,0,1,6.9,102,136,115,149,288,326,298,"-3.6","3.6"
2,656669,"Luplow, Jordan",321,0.6,1,3,,4,2.002,1.046,0.554,2,2,101.8,32.5,2043,93.1,93.55,0,2,0,0.4000000000000057,6.6,98,150,122,143,311,335,292,"-2.7","2.7"
2,545350,"Marisnick, Jake",321,0.6,1,3,,4,2.002,1.349,0.675,2,2,104.2,33.5,2416,87.7,87.05,0,2,0,-0.7000000000000028,5.95,99,139,115,134,301,330,299,"-3.7","3.7"
2,488726,"Brantley, Michael",162,1.2,1,3,,4,2.002,0.202,0.114,2,2,96.2,38,2524,85.4,84.95,0,2,0,-0.4000000000000057,6.05,108,147,135,153,289,328,297,"-2.7","2.7"
2,660766,"Yepez, Juan",182,1.1,1,3,,4,2.002,0.992,0.517,2,2,101.6,30,2159,81.4,81.85,0,2,0,0.3999999999999915,6.25,115,153,119,147,307,334,293,"-2","2"
2,689172,"Wisely, Brett",531,0.4,1,3,,4,2.002,1.315,0.667,2,2,101.8,31,2295,91.1,91.7,0,2,0,0.6000000000000085,6.9,127,147,102,147,294,323,301,"-3.5","3.5"
2,605113,"Ahmed, Nick",776,0.3,1,3,,4,2.002,1.513,0.766,2,2,103.9,29.5,2484,84.9,84.85,0,2,0,-0.10000000000000853,6.2,102,153,118,147,300,318,297,"-2.8","2.8"
2,543333,"Hosmer, Eric",407,0.5,1,3,,4,2.002,1.805,0.953,2,2,107,23.5,2246,92.4,92.6,0,2,0,0.29999999999999716,6.2,125,148,124,154,294,319,300,"-1.9","1.9"
2,664247,"Garlick, Kyle",120,1.7,1,3,,4,2.002,1.661,0.824,2,2,103.6,30.5,2431,80.9,80.85,0,2,0,-0.10000000000000853,6.1,115,154,120,149,302,327,289,"-1.9","1.9"
2,641525,"Dixon, Brandon",313,0.6,1,3,,4,2.002,1.812,0.93,2,2,105.2,26,1855,90.1,91.1,0,2,0,1,6.6,118,153,124,147,312,329,308,"-2","2"
2,676356,"Deluca, Jonny",167,1.2,1,3,,4,2.002,1.192,0.605,2,2,101.8,31.5,2188,86.2,86.15,0,2,0,0,6.1,116,149,121,147,306,324,293,"-3.1","3.1"
1,678545,"Basabe, Osleivis",300,0.3,1,3,,4,2.002,1.126,0.574,1,1,102.2,33,2681,86.7,86.4,0,1,0,-0.29999999999999716,6.1,118,151,130,146,311,331,294,"-3.6","3.6"
1,640492,"Azocar, José",285,0.4,1,3,,4,2.002,1.963,0.969,1,1,106.9,29,1904,76.9,77,0,1,0,0.09999999999999432,6.3,112,150,110,149,305,313,286,"-2.7","2.7"
1,663527,"Nevin, Tyler",400,0.3,1,3,,4,2.002,1.775,0.934,1,1,105.4,25,2245,89.2,89.5,0,1,0,0.29999999999999716,6.2,86,150,122,141,303,309,276,"-1.7","1.7"
1,571466,"Barnhart, Tucker",503,0.2,1,3,,4,2.002,1.364,0.706,1,1,102.5,29,2171,95.8,97.2,0,1,0,1.4000000000000057,7,116,147,100,149,285,310,303,"-1","1"
1,671218,"Ramos, Heliot",213,0.5,1,3,,4,2.002,1.791,0.969,1,1,110.1,21,2207,92,93.2,0,1,0,1.2000000000000028,7.1,119,153,111,150,294,319,294,"-0.9","0.9"
1,686531,"Lipcius, Andre",117,0.9,1,3,,4,2.002,0.756,0.36,1,1,99.1,32,2221,79.8,81,0,1,0,1.2000000000000028,6.7,87,149,120,147,299,332,289,"-1.9","1.9"
1,691026,"Winn, Masyn",385,0.3,1,3,,4,2.002,0.127,0.063,1,1,100.2,44,1415,81.1,81.6,0,1,0,0.5,6.4,117,153,110,146,326,323,289,"-1.1","1.1"
1,624512,"McGuire, Reese",725,0.1,1,3,,4,2.002,1.355,0.797,1,1,104.2,23,2485,93.6,93.6,0,1,0,0,6.2,124,147,98,154,283,316,298,"-1","1"
1,664702,"Straw, Myles",1920,0.1,1,3,,4,2.002,0.542,0.303,1,1,96.8,30,2591,95.5,95.9,0,1,0,0.4000000000000057,6.8,89,152,102,148,290,311,282,"-1","1"
1,641313,"Anderson, Tim",1850,0.1,1,3,,4,2.002,2.004,0.991,1,1,108.2,29,2111,90.1,91.9,0,1,0,1.8000000000000114,7.2,107,153,122,146,307,317,290,"-0.9","0.9"
1,608385,"Winker, Jesse",831,0.1,1,3,,4,2.002,1.975,0.971,1,1,107.1,30,2160,93,93.8,0,1,0,0.7999999999999972,6.8,86,145,131,150,295,312,295,"-1.5","1.5"
1,622110,"Duffy, Matt",698,0.1,1,3,,4,2.002,1.355,0.797,1,1,104.4,23,2331,91.5,92.8,0,1,0,1.2999999999999972,6.9,86,150,128,150,303,319,290,"-1.8","1.8"
1,663898,"Rodgers, Brendan",522,0.2,1,3,,4,2.002,1.705,0.854,1,1,104.6,32,2258,93.6,93,0,1,0,-0.5999999999999943,6,110,152,113,149,302,317,290,"-1","1"
1,553882,"Narváez, Omar",521,0.2,1,3,,4,2.002,1.204,0.62,1,1,101.4,29,2434,86.1,87.3,0,1,0,1.2000000000000028,6.9,125,150,132,153,291,326,306,"-1","1"
1,595978,"Hedges, Austin",735,0.1,1,3,,4,2.002,0.547,0.306,1,1,99.6,36,2104,78,77.6,0,1,0,-0.4000000000000057,5.6,113,154,117,150,294,323,282,"-1","1"
1,621311,"Dahl, David",31,3.2,1,3,,4,2.002,1.611,0.886,1,1,103.8,25,1072,86.8,85.3,0,1,0,-1.5,5.9,123,149,126,154,284,307,288,"-1","1"
1,669369,"Johnson, Bryce",176,0.6,1,3,,4,2.002,1.611,0.886,1,1,104.4,25,2377,94.6,93.4,0,1,0,-1.1999999999999886,5.9,119,149,114,150,278,317,304,"-1","1"
1,542364,"Ortega, Rafael",479,0.2,1,3,,4,2.002,0.621,0.349,1,1,97.1,31,2131,89.4,90.4,0,1,0,1,6.8,106,151,104,151,300,322,303,"-1.7","1.7"
1,656484,"Gray, Tristan",21,4.8,1,3,,4,2.002,1.551,0.777,1,1,103.8,32,2172,98.4,98.8,0,1,0,0.3999999999999915,6.5,120,147,134,153,287,326,304,"-1.1","1.1"
1,605612,"Castro, Harold",982,0.1,1,3,,4,2.002,1.904,0.957,1,1,106.1,27,2027,90.1,90.8,0,1,0,0.7000000000000028,6.7,125,149,111,154,283,318,304,"-1","1"
1,665833,"Cruz, Oneil",162,0.6,1,3,,4,2.002,2.018,0.997,1,1,111.1,25,,101.3,101.7,0,1,0,0.4000000000000057,7,123,147,127,152,290,324,297,"-0.9","0.9"
1,663796,"Montes, Coco",141,0.7,1,3,,4,2.002,0.718,0.454,1,1,98.3,26,2417,79.3,80.2,0,1,0,0.9000000000000057,6.6,85,150,104,142,300,327,280,"-1.6","1.6"
1,608671,"Jankowski, Travis",1107,0.1,1,3,,4,2.002,0.756,0.36,1,1,99.4,32,2054,92.5,93.1,0,1,0,0.5999999999999943,6.9,120,144,95,145,282,313,286,"-2.1","2.1"
1,666176,"Adell, Jo",104,1,1,3,,4,2.002,2,1,1,1,117.2,28,2115,91.1,90,0,1,0,-1.0999999999999943,5.9,114,153,120,148,306,329,301,"-1","1"
1,641796,"Locastro, Tim",158,0.6,1,3,,4,2.002,1.659,0.889,1,1,103.6,26,2196,93.1,92.9,0,1,0,-0.19999999999998863,6,96,143,87,146,298,327,296,"-1","1"
1,682515,"Porter, Logan",65,1.5,1,3,,4,2.002,1.52,0.831,1,1,103.1,26,2294,85,87.2,0,1,0,2.200000000000003,7.5,112,154,115,150,301,327,301,"-1.1","1.1"
1,642851,"Wynns, Austin",538,0.2,1,3,,4,2.002,0.375,0.189,1,1,97,34,2758,83.4,83.5,0,1,0,0.09999999999999432,6.3,110,152,115,149,308,324,280,"-1","1"
1,666197,"Kessinger, Grae",164,0.6,1,3,,4,2.002,1.826,0.937,1,1,106.5,26,2331,76.1,76.9,0,1,0,0.8000000000000114,7,115,151,125,146,288,328,289,"-1","1"
1,679881,"Martínez, J.P.",173,0.6,1,3,,4,2.002,1.772,0.871,1,1,104.4,29,2299,92,94.1,0,1,0,2.0999999999999943,7.4,130,148,146,154,292,320,293,"-1","1"
1,676391,"Clement, Ernie",155,0.6,1,3,,4,2.002,1.67,0.886,1,1,105.4,24,2054,91.3,91.7,0,1,0,0.4000000000000057,6.1,120,153,93,146,320,333,307,"-1","1"
1,670032,"Lopez, Nicky",972,0.1,1,3,,4,2.002,0.921,0.531,1,1,101,32,1585,60.2,57.2,0,1,0,-3,3.9,130,148,121,154,297,323,297,"-2.5","2.5"
1,669742,"Hall, Darick",205,0.5,1,3,,4,2.002,1.086,0.571,1,1,99.8,29,2781,84.2,84.1,0,1,0,-0.10000000000000853,6.5,120,147,95,154,296,321,310,"-1","1"
1,669224,"Wells, Austin",194,0.5,1,3,,4,2.002,1.943,0.971,1,1,106.7,27,1136,83.9,84.6,0,1,0,0.6999999999999886,6.5,125,147,123,153,287,322,289,"-1","1"
1,595751,"Alfaro, Jorge",175,0.6,1,3,,4,2.002,1.459,0.783,1,1,103.1,28,2648,80.5,80.9,0,1,0,0.4000000000000057,6.4,121,152,128,149,292,318,285,"-2.6","2.6"
1,444489,"Piña, Manny",47,2.1,1,3,,4,2.002,0.705,0.409,1,1,99.8,34,2293,95.1,95.9,0,1,0,0.8000000000000114,6.8,109,153,125,151,263,323,284,"-1","1"
1,621458,"Ríos, Edwin",153,0.7,1,3,,4,2.002,1.892,0.983,1,1,109.1,23,2055,94.6,95.5,0,1,0,0.9000000000000057,6.6,87,133,130,149,289,324,309,"-1.7","1.7"
1,664954,"Sullivan, Brett",214,0.5,1,3,,4,2.002,1.11,0.589,1,1,99.7,28,2364,90.4,89.7,0,1,0,-0.7000000000000028,6.1,86,148,127,150,277,318,291,"-1.9","1.9"
1,663905,"Blankenhorn, Travis",136,0.7,1,3,,4,2.002,1.72,0.854,1,1,104.2,28,2588,97.3,97.7,0,1,0,0.4000000000000057,6.5,127,146,117,153,292,305,311,"-1","1"
1,663609,"Baker, Luken",271,0.4,1,3,,4,2.002,1.612,0.849,1,1,103,27,2698,84.7,86.2,0,1,0,1.5,7.2,108,150,124,150,302,320,286,"-1","1"
1,667472,"Myers, Dane",262,0.4,1,3,,4,2.002,0.542,0.337,1,1,96.8,27,2630,81.4,82.4,0,1,0,1,7.2,112,149,105,149,298,305,288,"-1","1"
1,641645,"Guillorme, Luis",471,0.2,1,3,,4,2.002,0.796,0.431,1,1,99.4,31,2108,87,87,0,1,0,0,6.3,88,136,92,147,283,308,312,"-1.6","1.6"
1,621545,"Remillard, Zach",531,0.2,1,3,,4,2.002,0.919,0.517,1,1,99.1,28,2336,90.8,93.1,0,1,0,2.299999999999997,7.3,112,153,106,149,304,325,281,"-1","1"
1,666915,"Dalbec, Bobby",126,0.8,1,3,,4,2.002,1.804,0.883,1,1,107,33,2353,90.4,90.9,0,1,0,0.5,6.5,119,155,127,147,308,337,307,"-1","1"
1,696100,"Goodman, Hunter",249,0.4,1,3,,4,2.002,1.322,0.86,1,1,110.8,19,2045,91.9,94.1,0,1,0,2.1999999999999886,7.1,87,143,116,141,309,345,313,"-1.8","1.8"
1,676724,"Young, Jared",157,0.6,1,3,,4,2.002,2.016,0.997,1,1,109.4,28,2330,93.7,94.7,0,1,0,1,6.9,124,148,137,154,278,303,306,"-1.1","1.1"
1,663550,"Cabbage, Trey",215,0.5,1,3,,4,2.002,2,1,1,1,112.8,32,2302,94,95.2,0,1,0,1.2000000000000028,6.8,117,148,128,150,307,321,303,"-0.9","0.9"
1,694384,"Schanuel, Nolan",438,0.2,1,3,,4,2.002,1.438,0.743,1,1,103.5,30,2057,94.1,95.9,0,1,0,1.8000000000000114,7.5,126,148,94,153,304,322,300,"-1","1"
1,686452,"Millas, Drew",90,1.1,1,3,,4,2.002,1.3,0.657,1,1,103.3,32,2691,82.1,82.4,0,1,0,0.30000000000001137,6.2,128,148,129,154,291,306,302,"-1.1","1.1"
1,543592,"Nola, Austin",633,0.2,1,3,,4,2.002,1.276,0.823,1,1,104.6,22,2223,96,94.9,0,1,0,-1.0999999999999943,5.3,,,,,,,,"-1.4","1.4"
1,687462,"Horwitz, Spencer",158,0.6,1,3,,4,2.002,1.746,0.869,1,1,103.5,30,2235,92.1,92.3,0,1,0,0.20000000000000284,6,129,150,97,152,301,332,305,"-1","1"
1,641786,"Lewis, Kyle",231,0.4,1,3,,4,2.002,0.919,0.517,1,1,99,28,2413,85.9,87,0,1,0,1.0999999999999943,6.7,116,154,122,150,297,312,285,"-1.5","1.5"
1,543543,"Miller, Brad",291,0.3,1,3,,4,2.002,1.348,0.846,1,1,108,20,2252,93.7,95,0,1,0,1.2999999999999972,7.1,114,150,129,154,312,335,319,"-1.8","1.8"
1,608348,"Kelly, Carson",482,0.2,1,3,,4,2.002,0.829,0.426,1,1,100.8,35,2086,94.8,93.9,0,1,0,-0.8999999999999915,5.9,87,145,118,142,309,327,292,"-1.6","1.6"
1,664901,"Mendick, Danny",267,0.4,1,3,,4,2.002,1.202,0.606,1,1,101.3,31,2450,94.7,95,0,1,0,0.29999999999999716,6.7,118,154,116,151,304,324,288,"-2.6","2.6"
1,672724,"Peraza, Oswald",599,0.2,1,3,,4,2.002,1.619,0.823,1,1,103.6,31,2692,81.1,80.7,0,1,0,-0.3999999999999915,6.4,86,145,120,150,269,326,286,"-1.9","1.9"
1,680814,"Burdick, Peyton",150,0.7,1,3,,4,2.002,1.978,0.983,1,1,108.1,27,2800,87.2,86.8,0,1,0,-0.4000000000000057,5.9,116,152,128,148,306,321,288,"-1","1"
1,686676,"Lee, Korey",213,0.5,1,3,,4,2.002,1.879,0.94,1,1,105.2,27,2215,84.2,85.9,0,1,0,1.7000000000000028,6.9,94,110,97,98,300,317,291,"-1.9","1.9"
1,682622,"Marte, Noelvi",328,0.3,1,3,,4,2.002,1.129,0.774,1,1,107.7,19,2238,95.3,95.9,0,1,0,0.6000000000000085,6.5,114,155,125,147,301,323,290,"-1","1"
1,677595,"Mauricio, Ronny",244,0.4,1,3,,4,2.002,2,1,1,1,112.4,27,2224,91.9,92.1,0,1,0,0.19999999999998863,6.5,86,140,120,149,294,311,299,"-1.5","1.5"
1,677800,"Abreu, Wilyer",269,0.4,1,3,,4,2.002,2,1,1,1,108.7,28,2410,92.9,92.4,0,1,0,-0.5,6,87,141,96,148,284,330,295,"-1.6","1.6"
1,666906,"Alu, Jake",575,0.2,1,3,,4,2.002,0.944,0.489,1,1,103.9,37,2303,92.1,92,0,1,0,-0.09999999999999432,6,122,145,102,153,281,309,309,"-1","1"
1,608701,"Refsnyder, Rob",975,0.1,1,3,,4,2.002,1.612,0.849,1,1,103,27,2230,92.3,92.6,0,1,0,0.29999999999999716,6.7,92,154,118,144,307,339,296,"-1","1"
1,656185,"Allen, Greg",106,0.9,1,3,,4,2.002,0.212,0.123,1,1,92.6,31,1884,94.4,97.5,0,1,0,3.0999999999999943,7.8,125,147,97,152,280,320,306,"-1","1"
1,666018,"Aranda, Jonathan",357,0.3,1,3,,4,2.002,2,1,1,1,107.4,33,2637,82.7,81.5,0,1,0,-1.2000000000000028,5.7,118,149,130,151,299,334,310,"-1","1"
1,642215,"Wilson, Weston",57,1.8,1,3,,4,2.002,1.916,0.94,1,1,106.2,31,2241,82.1,83.2,0,1,0,1.1000000000000085,6.9,119,152,119,148,307,330,295,"-1","1"
1,642137,"Thomas, Cody",198,0.5,1,3,,4,2.002,1.371,0.866,1,1,106.3,22,1869,86.8,87.3,0,1,0,0.5,6.5,88,143,120,142,289,332,288,"-1.8","1.8"
1,598265,"Bradley Jr., Jackie",408,0.2,1,3,,4,2.002,1.138,0.669,1,1,102.4,25,2871,86.8,86.9,0,1,0,0.10000000000000853,5.8,128,147,109,142,282,330,310,"-1.1","1.1"
1,670156,"Mastrobuoni, Miles",503,0.2,1,3,,4,2.002,1.879,0.94,1,1,105.4,27,2358,92,93,0,1,0,1,6.6,129,147,93,153,284,307,300,"-0.8","0.8"
1,682073,"Hensley, David",403,0.2,1,3,,4,2.002,1.689,0.894,1,1,105.9,23,1484,84.1,84,0,1,0,-0.09999999999999432,6.3,107,154,123,150,305,328,296,"-1","1"
1,672744,"Canario, Alexander",23,4.3,1,3,,4,2.002,,,1,1,,,2548,90.2,91.9,0,1,0,1.7000000000000028,6.9,115,149,113,146,302,322,299,"-2.9","2.9"
1,641511,"Delay, Jason",635,0.2,1,3,,4,2.002,1.67,0.886,1,1,105.4,24,2428,92.4,92.8,0,1,0,0.3999999999999915,6.6,107,153,122,152,285,314,291,"-1","1"
1,664059,"Haggerty, Sam",350,0.3,1,3,,4,2.002,1.026,0.611,1,1,101.3,25,2503,90,90.9,0,1,0,0.9000000000000057,6.6,106,154,112,146,300,331,286,"-1","1"